loading unsloth/Llama-3.2-3B-Instruct (default dtype, cuda) ...
/usr/local/lib/python3.12/dist-packages/huggingface_hub/constants.py:301: FutureWarning: The `HF_HUB_ENABLE_HF_TRANSFER` environment variable is deprecated as 'hf_transfer' is not used anymore. Please use `HF_XET_HIGH_PERFORMANCE` instead to enable high performance transfer with Xet. Visit https://huggingface.co/docs/huggingface_hub/package_reference/environment_variables#hfxethighperformance for more details.
  warnings.warn(
Warning: You are sending unauthenticated requests to the HF Hub. Please set a HF_TOKEN to enable higher rate limits and faster downloads.
Loading weights:   0%|          | 0/254 [00:00<?, ?it/s]Loading weights:   0%|          | 1/254 [00:00<00:25,  9.89it/s]Loading weights:   8%|▊         | 21/254 [00:00<00:01, 120.14it/s]Loading weights:  15%|█▌        | 39/254 [00:00<00:01, 142.73it/s]Loading weights:  21%|██▏       | 54/254 [00:00<00:01, 140.06it/s]Loading weights:  27%|██▋       | 68/254 [00:00<00:01, 133.69it/s]Loading weights:  33%|███▎      | 85/254 [00:00<00:01, 138.81it/s]Loading weights:  39%|███▉      | 99/254 [00:00<00:01, 138.38it/s]Loading weights:  44%|████▍     | 113/254 [00:00<00:01, 133.65it/s]Loading weights:  51%|█████     | 129/254 [00:00<00:00, 140.33it/s]Loading weights:  57%|█████▋    | 144/254 [00:01<00:00, 132.57it/s]Loading weights:  62%|██████▏   | 158/254 [00:01<00:00, 125.14it/s]Loading weights:  69%|██████▊   | 174/254 [00:01<00:00, 128.79it/s]Loading weights:  74%|███████▎  | 187/254 [00:01<00:00, 125.36it/s]Loading weights:  79%|███████▉  | 201/254 [00:01<00:00, 127.50it/s]Loading weights:  84%|████████▍ | 214/254 [00:01<00:00, 123.57it/s]Loading weights:  89%|████████▉ | 227/254 [00:01<00:00, 124.92it/s]Loading weights:  94%|█████████▍| 240/254 [00:01<00:00, 115.29it/s]Loading weights: 100%|██████████| 254/254 [00:01<00:00, 127.16it/s]
[transformers] Both `max_new_tokens` (=4) and `max_length`(=131072) seem to have been set. `max_new_tokens` will take precedence. Please refer to the documentation for more information. (https://huggingface.co/docs/transformers/main/en/main_classes/text_generation)
[transformers] Ignoring clean_up_tokenization_spaces=True for BPE tokenizer TokenizersBackend. The clean_up_tokenization post-processing step is designed for WordPiece tokenizers and is destructive for BPE (it strips spaces before punctuation). Set clean_up_tokenization_spaces=False to suppress this warning, or set clean_up_tokenization_spaces_for_bpe_even_though_it_will_corrupt_output=True to force cleanup anyway.
S: M=+0.177 greedy='drive<|eot_id|>' tokens=188 rows=29
groups: {'line1': (28, 40, 12), 'line2': (40, 52, 12), 'line3': (70, 83, 13), 'line4': (83, 93, 10), 'line5': (93, 107, 14), 'line6': (107, 113, 6), 'line7': (113, 120, 7), 'line8': (120, 128, 8), 'line9': (128, 145, 17), 'headers': (25, 70, 7), 'definitions': (54, 67, 11), 'system': (25, 145, 117), 'question': (150, 174, 24), 'answer_instr': (174, 179, 5), 'asst_header': (183, 187, 4), 'answer_site': (187, 188, 1)}
[transformers] Both `max_new_tokens` (=4) and `max_length`(=131072) seem to have been set. `max_new_tokens` will take precedence. Please refer to the documentation for more information. (https://huggingface.co/docs/transformers/main/en/main_classes/text_generation)
  cf1 (line 1, reverse): M=+0.296 Delta=-0.119 greedy='drive<|eot_id|>'
[transformers] Both `max_new_tokens` (=4) and `max_length`(=131072) seem to have been set. `max_new_tokens` will take precedence. Please refer to the documentation for more information. (https://huggingface.co/docs/transformers/main/en/main_classes/text_generation)
  cf2 (line 2, reverse): M=+0.177 Delta=+0.000 greedy='drive<|eot_id|>'
[transformers] Both `max_new_tokens` (=4) and `max_length`(=131072) seem to have been set. `max_new_tokens` will take precedence. Please refer to the documentation for more information. (https://huggingface.co/docs/transformers/main/en/main_classes/text_generation)
  cf3 (line 3, reverse): M=+0.063 Delta=+0.114 greedy='walk<|eot_id|>'
[transformers] Both `max_new_tokens` (=4) and `max_length`(=131072) seem to have been set. `max_new_tokens` will take precedence. Please refer to the documentation for more information. (https://huggingface.co/docs/transformers/main/en/main_classes/text_generation)
  cf4 (line 4, reverse): M=+0.184 Delta=-0.007 greedy='drive<|eot_id|>'
[transformers] Both `max_new_tokens` (=4) and `max_length`(=131072) seem to have been set. `max_new_tokens` will take precedence. Please refer to the documentation for more information. (https://huggingface.co/docs/transformers/main/en/main_classes/text_generation)
  cf5 (line 5, reverse): M=+0.300 Delta=-0.123 greedy='drive<|eot_id|>'
[transformers] Both `max_new_tokens` (=4) and `max_length`(=131072) seem to have been set. `max_new_tokens` will take precedence. Please refer to the documentation for more information. (https://huggingface.co/docs/transformers/main/en/main_classes/text_generation)
  cf6 (line 6, reverse): M=+0.659 Delta=-0.483 greedy='drive<|eot_id|>'
[transformers] Both `max_new_tokens` (=4) and `max_length`(=131072) seem to have been set. `max_new_tokens` will take precedence. Please refer to the documentation for more information. (https://huggingface.co/docs/transformers/main/en/main_classes/text_generation)
  cf7 (line 7, reverse): M=-0.448 Delta=+0.625 greedy='walk<|eot_id|>'
[transformers] Both `max_new_tokens` (=4) and `max_length`(=131072) seem to have been set. `max_new_tokens` will take precedence. Please refer to the documentation for more information. (https://huggingface.co/docs/transformers/main/en/main_classes/text_generation)
  cf8 (line 8, reverse): M=+0.300 Delta=-0.123 greedy='drive<|eot_id|>'
[transformers] Both `max_new_tokens` (=4) and `max_length`(=131072) seem to have been set. `max_new_tokens` will take precedence. Please refer to the documentation for more information. (https://huggingface.co/docs/transformers/main/en/main_classes/text_generation)
  cf9 (line 9, reverse): M=-0.327 Delta=+0.504 greedy='walk<|eot_id|>'
[transformers] Both `max_new_tokens` (=4) and `max_length`(=131072) seem to have been set. `max_new_tokens` will take precedence. Please refer to the documentation for more information. (https://huggingface.co/docs/transformers/main/en/main_classes/text_generation)
  cf9s (line 9, strong-reverse): M=-0.319 Delta=+0.496 greedy='walk<|eot_id|>'
mapping ['cf1', 'cf2', 'cf3', 'cf4', 'cf5', 'cf6', 'cf7', 'cf8', 'cf9', 'cf9s'] (primary cf7); rows 0..28 stride 1
CDIM cf1: R (S -> C) and D (C -> S) ...
  row 00: line1=-0.12/-0.12 line2=+0.00/+0.00 line3=+0.00/+0.00 line4=+0.00/+0.00 line5=+0.00/+0.00 line6=+0.00/+0.00 line7=+0.00/+0.00 line8=+0.00/+0.00 line9=+0.00/+0.00 headers=+0.00/+0.00 definitions=+0.00/+0.00 system=-0.12/-0.12 question=+0.00/+0.00 answer_instr=+0.00/+0.00 asst_header=+0.00/+0.00 answer_site=+0.00/+0.00
  row 01: line1=-0.12/-0.12 line2=+0.00/+0.00 line3=-0.00/+0.12 line4=-0.00/+0.00 line5=-0.00/+0.12 line6=-0.00/+0.00 line7=-0.00/+0.12 line8=-0.00/+0.12 line9=+0.00/+0.00 headers=+0.12/-0.01 definitions=-0.01/-0.00 system=-0.24/-0.12 question=-0.00/-0.12 answer_instr=-0.00/+0.00 asst_header=-0.00/-0.00 answer_site=+0.00/-0.01
  row 02: line1=+0.00/-0.12 line2=-0.00/+0.12 line3=-0.00/+0.12 line4=-0.00/+0.12 line5=+0.01/+0.00 line6=-0.00/+0.00 line7=-0.01/+0.12 line8=-0.00/+0.01 line9=-0.00/+0.12 headers=-0.00/+0.12 definitions=-0.00/+0.00 system=-0.11/-0.12 question=-0.00/+0.12 answer_instr=-0.00/+0.12 asst_header=+0.00/+0.12 answer_site=-0.00/+0.00
  row 03: line1=-0.12/-0.24 line2=-0.00/+0.00 line3=+0.00/+0.00 line4=-0.00/+0.12 line5=-0.00/+0.12 line6=-0.00/-0.00 line7=-0.01/+0.12 line8=-0.12/+0.12 line9=-0.00/-0.00 headers=-0.13/+0.12 definitions=-0.00/+0.00 system=-0.13/-0.12 question=-0.00/+0.12 answer_instr=-0.00/+0.00 asst_header=-0.01/+0.12 answer_site=+0.00/-0.00
  row 04: line1=-0.12/-0.00 line2=-0.12/+0.00 line3=-0.00/+0.01 line4=-0.00/+0.12 line5=-0.00/+0.12 line6=+0.00/+0.12 line7=-0.00/+0.00 line8=-0.00/+0.12 line9=-0.00/+0.01 headers=-0.00/+0.00 definitions=-0.00/+0.12 system=+0.00/-0.12 question=-0.00/-0.12 answer_instr=-0.12/-0.00 asst_header=-0.01/-0.01 answer_site=+0.00/+0.12
  row 05: line1=-0.12/-0.00 line2=-0.00/+0.01 line3=-0.01/+0.12 line4=+0.00/+0.12 line5=-0.00/+0.12 line6=+0.00/+0.12 line7=-0.01/-0.12 line8=-0.12/+0.01 line9=-0.00/+0.12 headers=+0.00/+0.12 definitions=-0.00/+0.00 system=-0.12/-0.12 question=+0.12/+0.00 answer_instr=-0.01/+0.12 asst_header=+0.00/-0.01 answer_site=-0.00/+0.12
  row 06: line1=-0.00/+0.01 line2=-0.01/+0.01 line3=-0.01/+0.00 line4=-0.01/+0.01 line5=-0.12/+0.00 line6=-0.01/+0.00 line7=-0.00/+0.00 line8=-0.01/+0.00 line9=-0.01/+0.00 headers=-0.01/+0.12 definitions=-0.00/+0.12 system=-0.13/+0.01 question=-0.01/-0.01 answer_instr=+0.00/+0.12 asst_header=-0.00/+0.00 answer_site=-0.00/+0.00
  row 07: line1=-0.00/-0.00 line2=-0.01/-0.00 line3=-0.00/-0.00 line4=-0.01/-0.12 line5=-0.01/+0.00 line6=-0.00/+0.12 line7=-0.00/+0.01 line8=-0.00/+0.01 line9=-0.12/+0.12 headers=-0.00/+0.12 definitions=-0.01/+0.12 system=-0.00/+0.01 question=-0.01/+0.00 answer_instr=-0.00/+0.01 asst_header=-0.00/+0.12 answer_site=-0.01/-0.00
  row 08: line1=-0.00/-0.12 line2=-0.01/-0.00 line3=-0.12/+0.01 line4=-0.00/+0.00 line5=-0.00/-0.00 line6=-0.01/+0.12 line7=-0.00/+0.01 line8=-0.01/+0.12 line9=-0.12/+0.00 headers=-0.01/+0.00 definitions=-0.12/-0.12 system=-0.12/-0.01 question=-0.00/+0.12 answer_instr=-0.00/+0.12 asst_header=-0.00/+0.01 answer_site=-0.00/+0.00
  row 09: line1=-0.00/-0.00 line2=-0.01/+0.00 line3=-0.00/-0.12 line4=+0.00/+0.12 line5=-0.01/+0.12 line6=-0.00/+0.12 line7=-0.00/+0.01 line8=-0.00/+0.12 line9=-0.01/+0.00 headers=-0.12/+0.00 definitions=-0.01/+0.12 system=-0.01/-0.12 question=-0.01/-0.01 answer_instr=+0.00/+0.01 asst_header=-0.01/+0.12 answer_site=-0.00/+0.00
  row 10: line1=-0.13/-0.00 line2=-0.12/+0.01 line3=-0.01/-0.00 line4=-0.12/+0.12 line5=-0.13/-0.12 line6=-0.00/+0.12 line7=-0.00/+0.12 line8=+0.12/+0.12 line9=-0.13/-0.01 headers=-0.00/+0.12 definitions=-0.13/+0.00 system=-0.13/-0.12 question=-0.01/+0.00 answer_instr=-0.00/+0.01 asst_header=+0.12/-0.00 answer_site=-0.00/+0.00
  row 11: line1=-0.12/+0.01 line2=-0.12/+0.00 line3=-0.00/+0.00 line4=-0.25/-0.00 line5=-0.00/-0.01 line6=-0.00/+0.12 line7=-0.00/+0.13 line8=-0.12/-0.00 line9=-0.00/-0.01 headers=-0.00/+0.12 definitions=-0.01/+0.00 system=-0.13/-0.12 question=-0.00/+0.12 answer_instr=-0.00/-0.00 asst_header=+0.12/+0.00 answer_site=+0.00/+0.00
  row 12: line1=-0.12/-0.00 line2=-0.01/+0.00 line3=-0.12/-0.12 line4=-0.12/-0.12 line5=-0.00/+0.12 line6=-0.00/+0.00 line7=+0.12/+0.12 line8=-0.12/+0.12 line9=-0.01/-0.12 headers=-0.00/+0.00 definitions=-0.12/+0.12 system=-0.12/-0.12 question=-0.12/+0.00 answer_instr=-0.00/-0.00 asst_header=-0.00/-0.00 answer_site=+0.00/+0.12
  row 13: line1=-0.01/+0.12 line2=-0.00/+0.00 line3=-0.00/+0.00 line4=-0.00/+0.00 line5=-0.00/+0.00 line6=-0.01/-0.01 line7=-0.00/+0.12 line8=-0.00/+0.12 line9=-0.00/+0.00 headers=-0.12/+0.12 definitions=+0.00/+0.00 system=-0.12/+0.00 question=-0.01/-0.12 answer_instr=-0.01/+0.00 asst_header=-0.00/-0.00 answer_site=-0.00/+0.01
  row 14: line1=-0.01/+0.00 line2=+0.00/-0.00 line3=-0.00/+0.00 line4=-0.00/+0.12 line5=-0.00/+0.00 line6=-0.00/+0.00 line7=-0.00/+0.12 line8=-0.00/+0.12 line9=-0.00/+0.00 headers=+0.00/+0.00 definitions=-0.00/+0.12 system=-0.01/-0.01 question=-0.12/+0.00 answer_instr=-0.01/+0.00 asst_header=-0.00/-0.00 answer_site=-0.00/-0.00
  row 15: line1=-0.00/+0.00 line2=-0.01/-0.00 line3=+0.00/+0.00 line4=-0.00/+0.00 line5=-0.00/+0.00 line6=-0.01/+0.00 line7=-0.00/+0.12 line8=-0.00/+0.00 line9=-0.00/-0.01 headers=+0.00/-0.00 definitions=-0.00/+0.00 system=-0.01/-0.01 question=-0.01/+0.00 answer_instr=-0.00/+0.12 asst_header=-0.00/-0.00 answer_site=-0.00/-0.11
  row 16: line1=+0.00/+0.12 line2=-0.01/+0.00 line3=-0.00/+0.00 line4=-0.00/+0.00 line5=-0.00/+0.00 line6=-0.00/-0.00 line7=+0.00/+0.00 line8=-0.00/+0.00 line9=-0.00/+0.12 headers=-0.00/+0.00 definitions=-0.12/+0.00 system=-0.00/-0.00 question=-0.12/+0.00 answer_instr=+0.00/+0.00 asst_header=-0.00/+0.00 answer_site=-0.00/-0.00
  row 17: line1=+0.00/-0.00 line2=-0.01/-0.00 line3=+0.00/-0.00 line4=-0.00/-0.01 line5=-0.00/+0.12 line6=-0.00/-0.01 line7=+0.00/+0.00 line8=-0.00/+0.00 line9=-0.01/+0.00 headers=+0.00/+0.12 definitions=+0.00/+0.00 system=+0.00/-0.00 question=+0.00/+0.00 answer_instr=-0.00/-0.00 asst_header=-0.12/+0.01 answer_site=-0.00/-0.11
  row 18: line1=-0.00/+0.00 line2=-0.00/-0.00 line3=-0.00/+0.12 line4=-0.00/+0.00 line5=-0.00/+0.00 line6=-0.00/+0.00 line7=+0.00/+0.12 line8=-0.00/+0.00 line9=+0.00/+0.00 headers=-0.00/+0.12 definitions=-0.00/+0.00 system=-0.00/-0.00 question=+0.00/-0.00 answer_instr=+0.00/+0.00 asst_header=-0.00/+0.00 answer_site=-0.00/-0.12
  row 19: line1=-0.01/+0.00 line2=-0.00/+0.00 line3=-0.00/+0.12 line4=-0.12/-0.00 line5=-0.01/+0.00 line6=+0.00/+0.00 line7=-0.00/+0.12 line8=+0.00/+0.00 line9=+0.00/+0.00 headers=-0.01/-0.01 definitions=-0.00/+0.00 system=-0.00/-0.00 question=-0.00/+0.00 answer_instr=-0.00/+0.12 asst_header=-0.00/-0.00 answer_site=-0.13/-0.12
  row 20: line1=-0.00/+0.12 line2=-0.00/-0.01 line3=-0.01/-0.00 line4=-0.01/-0.01 line5=-0.00/+0.00 line6=-0.00/-0.00 line7=-0.01/+0.00 line8=-0.01/-0.00 line9=-0.00/+0.00 headers=-0.00/+0.00 definitions=-0.01/+0.00 system=-0.00/+0.00 question=-0.00/+0.12 answer_instr=-0.00/+0.00 asst_header=-0.00/+0.01 answer_site=-0.00/-0.12
  row 21: line1=+0.00/+0.00 line2=-0.00/-0.00 line3=-0.00/-0.01 line4=-0.00/-0.00 line5=-0.00/+0.00 line6=-0.00/+0.00 line7=-0.00/-0.00 line8=-0.00/+0.00 line9=-0.00/-0.00 headers=-0.00/-0.00 definitions=-0.00/+0.00 system=-0.01/-0.12 question=+0.00/+0.00 answer_instr=-0.00/+0.00 asst_header=-0.12/-0.12 answer_site=-0.00/-0.12
  row 22: line1=-0.00/+0.00 line2=-0.00/+0.12 line3=-0.00/+0.00 line4=-0.00/+0.12 line5=-0.01/+0.00 line6=-0.00/-0.00 line7=-0.00/+0.12 line8=-0.01/-0.00 line9=-0.01/+0.12 headers=-0.00/+0.12 definitions=-0.00/+0.00 system=-0.00/-0.12 question=-0.00/+0.00 answer_instr=-0.00/-0.00 asst_header=+0.01/+0.00 answer_site=-0.00/-0.12
  row 23: line1=-0.00/-0.00 line2=-0.00/+0.00 line3=-0.00/-0.00 line4=-0.00/-0.00 line5=-0.00/+0.00 line6=-0.00/-0.00 line7=-0.00/-0.00 line8=+0.00/+0.12 line9=+0.00/+0.00 headers=-0.00/+0.00 definitions=-0.00/+0.00 system=-0.00/-0.00 question=+0.00/-0.12 answer_instr=-0.00/+0.00 asst_header=+0.01/-0.00 answer_site=-0.12/-0.12
  row 24: line1=-0.00/-0.00 line2=-0.00/+0.00 line3=-0.01/-0.00 line4=-0.00/+0.00 line5=-0.00/+0.12 line6=-0.00/+0.00 line7=-0.00/-0.00 line8=-0.00/-0.00 line9=-0.01/+0.00 headers=-0.00/+0.00 definitions=-0.00/+0.00 system=+0.00/-0.00 question=-0.00/+0.00 answer_instr=-0.00/+0.12 asst_header=-0.12/+0.00 answer_site=-0.12/-0.12
  row 25: line1=-0.00/+0.00 line2=-0.00/-0.12 line3=-0.01/-0.00 line4=-0.00/-0.00 line5=-0.00/-0.01 line6=-0.00/-0.00 line7=-0.01/-0.00 line8=-0.00/+0.00 line9=-0.00/-0.00 headers=-0.00/-0.00 definitions=-0.00/+0.12 system=-0.00/-0.12 question=+0.00/+0.00 answer_instr=+0.00/+0.00 asst_header=-0.00/+0.00 answer_site=-0.12/-0.12
  row 26: line1=-0.00/+0.00 line2=-0.00/-0.12 line3=-0.00/-0.12 line4=-0.00/-0.00 line5=-0.00/+0.00 line6=-0.00/+0.00 line7=-0.00/-0.00 line8=-0.00/-0.00 line9=-0.00/-0.00 headers=-0.00/+0.00 definitions=-0.00/-0.12 system=-0.00/-0.12 question=-0.00/+0.00 answer_instr=-0.00/-0.01 asst_header=-0.00/+0.00 answer_site=-0.12/-0.12
  row 27: line1=-0.00/-0.01 line2=-0.00/+0.00 line3=-0.00/+0.00 line4=+0.00/+0.00 line5=-0.00/+0.00 line6=-0.00/+0.00 line7=-0.00/-0.00 line8=-0.00/+0.00 line9=-0.00/-0.00 headers=+0.00/+0.00 definitions=-0.00/-0.12 system=-0.00/+0.00 question=+0.00/-0.00 answer_instr=-0.00/+0.00 asst_header=-0.00/+0.00 answer_site=-0.12/-0.12
  row 28: line1=+0.00/+0.00 line2=+0.00/+0.00 line3=+0.00/+0.00 line4=+0.00/+0.00 line5=+0.00/+0.00 line6=+0.00/+0.00 line7=+0.00/+0.00 line8=+0.00/+0.00 line9=+0.00/+0.00 headers=+0.00/+0.00 definitions=+0.00/+0.00 system=+0.00/+0.00 question=+0.00/+0.00 answer_instr=+0.00/+0.00 asst_header=+0.00/+0.00 answer_site=-0.12/-0.12
CDIM cf2: R (S -> C) and D (C -> S) ...
  row 00: line1=+0.00/+0.00 line2=+0.00/+0.00 line3=+0.00/+0.00 line4=+0.00/+0.00 line5=+0.00/+0.00 line6=+0.00/+0.00 line7=+0.00/+0.00 line8=+0.00/+0.00 line9=+0.00/+0.00 headers=+0.00/+0.00 definitions=+0.00/+0.00 system=+0.00/+0.00 question=+0.00/+0.00 answer_instr=+0.00/+0.00 asst_header=+0.00/+0.00 answer_site=+0.00/+0.00
  row 01: line1=+0.00/+0.00 line2=-0.12/+0.13 line3=+0.11/+0.12 line4=-0.01/+0.00 line5=-0.01/+0.12 line6=-0.01/+0.12 line7=-0.01/+0.12 line8=+0.12/+0.00 line9=+0.00/+0.00 headers=-0.01/+0.12 definitions=-0.01/+0.00 system=+0.01/+0.01 question=-0.01/+0.12 answer_instr=-0.01/+0.12 asst_header=-0.01/+0.12 answer_site=-0.01/-0.00
  row 02: line1=+0.00/+0.00 line2=-0.12/+0.01 line3=-0.01/+0.00 line4=-0.01/+0.00 line5=-0.01/+0.00 line6=+0.00/+0.00 line7=+0.12/+0.12 line8=+0.12/+0.12 line9=-0.01/+0.12 headers=+0.12/+0.00 definitions=-0.01/-0.01 system=-0.01/-0.11 question=+0.12/+0.00 answer_instr=-0.01/+0.12 asst_header=-0.01/-0.01 answer_site=-0.01/+0.00
  row 03: line1=+0.00/+0.00 line2=-0.12/+0.01 line3=+0.11/+0.12 line4=-0.01/+0.12 line5=+0.12/+0.00 line6=-0.01/+0.00 line7=+0.12/-0.01 line8=+0.12/-0.12 line9=+0.12/+0.00 headers=-0.01/-0.01 definitions=-0.01/+0.12 system=-0.12/+0.01 question=+0.12/+0.12 answer_instr=+0.00/+0.12 asst_header=-0.01/+0.12 answer_site=-0.01/-0.00
  row 04: line1=+0.00/+0.00 line2=+0.12/+0.01 line3=+0.12/+0.13 line4=-0.12/+0.12 line5=-0.01/+0.00 line6=-0.01/+0.12 line7=-0.01/+0.00 line8=+0.11/+0.01 line9=-0.01/+0.12 headers=+0.12/-0.01 definitions=+0.12/-0.00 system=-0.12/-0.11 question=+0.11/+0.00 answer_instr=-0.01/+0.12 asst_header=-0.01/+0.00 answer_site=-0.01/-0.00
  row 05: line1=+0.00/+0.00 line2=-0.12/-0.11 line3=+0.11/+0.12 line4=-0.01/+0.13 line5=-0.01/+0.12 line6=-0.01/+0.00 line7=-0.01/+0.12 line8=+0.12/+0.12 line9=+0.00/+0.12 headers=-0.01/+0.12 definitions=+0.11/-0.00 system=-0.13/-0.11 question=+0.11/+0.12 answer_instr=+0.00/+0.00 asst_header=-0.01/-0.01 answer_site=+0.00/+0.12
  row 06: line1=+0.00/+0.00 line2=+0.00/-0.11 line3=-0.01/+0.12 line4=-0.01/+0.12 line5=-0.01/+0.12 line6=-0.01/+0.12 line7=+0.11/+0.12 line8=+0.00/+0.01 line9=-0.01/+0.12 headers=-0.01/-0.01 definitions=-0.01/+0.00 system=-0.12/+0.00 question=+0.00/+0.12 answer_instr=-0.01/+0.12 asst_header=-0.01/+0.12 answer_site=-0.01/+0.12
  row 07: line1=+0.00/+0.00 line2=-0.01/+0.00 line3=-0.01/-0.00 line4=+0.11/+0.01 line5=+0.00/+0.12 line6=-0.01/+0.12 line7=-0.01/+0.12 line8=-0.01/+0.01 line9=+0.11/+0.00 headers=-0.01/+0.00 definitions=-0.01/+0.12 system=-0.12/+0.00 question=+0.00/+0.12 answer_instr=+0.11/+0.01 asst_header=+0.00/+0.01 answer_site=-0.01/-0.00
  row 08: line1=+0.00/+0.00 line2=-0.01/+0.01 line3=-0.13/+0.12 line4=-0.01/+0.12 line5=-0.01/+0.00 line6=-0.00/+0.00 line7=-0.13/-0.00 line8=+0.12/+0.01 line9=-0.01/+0.13 headers=-0.01/+0.01 definitions=-0.12/+0.12 system=-0.01/-0.12 question=+0.12/+0.00 answer_instr=+0.12/+0.00 asst_header=-0.01/+0.00 answer_site=-0.01/+0.12
  row 09: line1=+0.00/+0.00 line2=-0.12/-0.12 line3=-0.01/+0.12 line4=-0.01/+0.12 line5=-0.01/+0.12 line6=-0.00/+0.00 line7=-0.01/+0.12 line8=-0.01/+0.12 line9=-0.01/+0.00 headers=+0.00/+0.12 definitions=-0.13/+0.00 system=-0.01/+0.00 question=+0.12/+0.12 answer_instr=-0.01/+0.12 asst_header=-0.01/+0.01 answer_site=-0.01/+0.12
  row 10: line1=+0.00/+0.00 line2=+0.00/+0.00 line3=-0.13/+0.00 line4=-0.01/+0.00 line5=-0.01/-0.00 line6=-0.01/+0.12 line7=-0.01/+0.00 line8=-0.00/+0.00 line9=-0.01/+0.00 headers=-0.01/+0.01 definitions=-0.01/+0.00 system=+0.00/-0.12 question=+0.11/+0.00 answer_instr=-0.01/+0.00 asst_header=+0.12/+0.12 answer_site=-0.01/+0.00
  row 11: line1=+0.00/+0.00 line2=-0.00/+0.00 line3=-0.01/+0.00 line4=-0.01/+0.00 line5=-0.01/+0.12 line6=-0.01/+0.12 line7=-0.01/-0.01 line8=-0.01/+0.00 line9=-0.01/+0.12 headers=-0.01/+0.12 definitions=-0.01/+0.12 system=-0.13/+0.00 question=+0.12/+0.12 answer_instr=-0.01/+0.01 asst_header=-0.01/-0.11 answer_site=-0.01/+0.12
  row 12: line1=+0.00/+0.00 line2=-0.01/+0.00 line3=-0.01/+0.00 line4=-0.01/+0.12 line5=-0.01/-0.01 line6=-0.13/+0.12 line7=-0.01/-0.12 line8=-0.01/+0.12 line9=-0.01/+0.00 headers=-0.01/-0.01 definitions=-0.01/+0.00 system=-0.13/-0.11 question=+0.12/+0.01 answer_instr=-0.01/+0.00 asst_header=-0.01/+0.00 answer_site=+0.00/+0.00
  row 13: line1=+0.00/+0.00 line2=-0.01/+0.12 line3=-0.01/+0.12 line4=-0.01/+0.00 line5=-0.01/+0.12 line6=-0.01/+0.00 line7=-0.01/+0.12 line8=-0.01/+0.12 line9=-0.01/+0.00 headers=-0.01/+0.00 definitions=-0.01/+0.12 system=-0.13/-0.12 question=+0.12/+0.12 answer_instr=+0.00/+0.00 asst_header=-0.00/+0.00 answer_site=-0.01/+0.00
  row 14: line1=+0.00/+0.00 line2=+0.00/-0.01 line3=-0.01/+0.12 line4=+0.12/-0.01 line5=-0.01/+0.00 line6=-0.01/+0.00 line7=-0.01/+0.01 line8=-0.01/+0.00 line9=-0.01/+0.00 headers=-0.01/-0.12 definitions=-0.01/+0.12 system=-0.01/+0.00 question=-0.01/+0.00 answer_instr=+0.00/+0.00 asst_header=-0.12/+0.00 answer_site=-0.01/+0.00
  row 15: line1=+0.00/+0.00 line2=-0.13/-0.12 line3=-0.01/+0.00 line4=-0.01/+0.00 line5=-0.01/+0.12 line6=-0.01/+0.12 line7=-0.01/+0.00 line8=-0.01/+0.00 line9=-0.01/+0.00 headers=-0.01/-0.01 definitions=+0.00/+0.00 system=-0.01/+0.00 question=-0.01/+0.00 answer_instr=-0.01/+0.00 asst_header=-0.01/+0.00 answer_site=+0.11/+0.12
  row 16: line1=+0.00/+0.00 line2=-0.12/-0.12 line3=-0.01/-0.00 line4=+0.00/+0.00 line5=-0.01/+0.00 line6=-0.01/+0.00 line7=-0.01/+0.00 line8=-0.01/+0.00 line9=-0.01/+0.00 headers=-0.01/+0.12 definitions=-0.01/+0.00 system=-0.01/-0.12 question=-0.01/-0.00 answer_instr=+0.00/-0.00 asst_header=-0.12/+0.00 answer_site=-0.00/+0.00
  row 17: line1=+0.00/+0.00 line2=+0.00/+0.00 line3=-0.01/+0.12 line4=-0.01/-0.00 line5=-0.01/-0.00 line6=-0.01/+0.00 line7=-0.01/+0.00 line8=-0.01/+0.00 line9=-0.01/-0.00 headers=-0.01/+0.00 definitions=-0.01/+0.00 system=-0.13/-0.01 question=-0.01/+0.00 answer_instr=-0.01/+0.00 asst_header=+0.00/+0.00 answer_site=+0.12/+0.12
  row 18: line1=+0.00/+0.00 line2=+0.00/+0.12 line3=-0.01/+0.12 line4=-0.01/+0.00 line5=-0.00/+0.12 line6=-0.01/-0.00 line7=-0.01/-0.00 line8=-0.01/+0.12 line9=+0.00/+0.00 headers=+0.00/+0.12 definitions=-0.00/-0.01 system=-0.01/+0.00 question=-0.01/+0.00 answer_instr=-0.00/+0.00 asst_header=-0.01/+0.00 answer_site=+0.12/+0.12
  row 19: line1=+0.00/+0.00 line2=+0.00/+0.12 line3=-0.01/+0.00 line4=+0.00/+0.12 line5=-0.01/+0.12 line6=-0.01/-0.00 line7=-0.01/+0.00 line8=-0.01/+0.00 line9=-0.01/+0.12 headers=-0.01/+0.12 definitions=-0.01/-0.00 system=-0.13/+0.00 question=-0.01/+0.00 answer_instr=+0.00/+0.12 asst_header=+0.00/-0.00 answer_site=+0.12/+0.12
  row 20: line1=+0.00/+0.00 line2=-0.01/-0.01 line3=+0.00/+0.00 line4=-0.01/+0.00 line5=-0.01/+0.12 line6=-0.01/-0.00 line7=-0.00/+0.00 line8=-0.01/-0.00 line9=-0.01/+0.00 headers=-0.01/+0.12 definitions=-0.00/+0.12 system=-0.12/-0.01 question=-0.01/-0.00 answer_instr=-0.01/+0.00 asst_header=+0.00/+0.00 answer_site=+0.12/+0.12
  row 21: line1=+0.00/+0.00 line2=-0.01/+0.00 line3=+0.00/+0.00 line4=+0.00/-0.00 line5=+0.00/+0.00 line6=-0.01/+0.12 line7=-0.00/-0.00 line8=-0.01/+0.00 line9=-0.01/+0.00 headers=+0.00/+0.00 definitions=+0.00/+0.00 system=-0.00/+0.00 question=-0.01/-0.00 answer_instr=-0.01/+0.00 asst_header=+0.00/+0.00 answer_site=+0.12/+0.12
  row 22: line1=+0.00/+0.00 line2=-0.00/+0.00 line3=+0.00/+0.00 line4=-0.00/+0.12 line5=-0.01/+0.00 line6=+0.00/-0.00 line7=-0.01/+0.12 line8=-0.01/-0.00 line9=-0.00/+0.00 headers=-0.01/+0.00 definitions=+0.00/+0.00 system=-0.12/-0.12 question=-0.01/-0.00 answer_instr=+0.00/+0.00 asst_header=-0.12/+0.00 answer_site=+0.12/+0.12
  row 23: line1=+0.00/+0.00 line2=-0.01/-0.01 line3=-0.01/-0.00 line4=+0.00/+0.00 line5=-0.00/-0.01 line6=-0.01/+0.00 line7=-0.00/+0.12 line8=+0.00/+0.12 line9=-0.00/+0.00 headers=-0.01/+0.12 definitions=+0.00/+0.12 system=+0.00/-0.01 question=-0.00/+0.12 answer_instr=-0.00/+0.12 asst_header=-0.00/-0.00 answer_site=+0.00/+0.12
  row 24: line1=+0.00/+0.00 line2=+0.00/-0.12 line3=-0.01/+0.00 line4=+0.00/-0.00 line5=+0.00/-0.00 line6=+0.00/-0.01 line7=+0.00/+0.00 line8=-0.00/-0.00 line9=+0.00/-0.00 headers=-0.00/+0.00 definitions=-0.00/-0.00 system=+0.00/-0.12 question=-0.00/+0.00 answer_instr=+0.00/+0.12 asst_header=-0.01/+0.00 answer_site=+0.00/+0.01
  row 25: line1=+0.00/+0.00 line2=-0.01/-0.01 line3=+0.00/+0.12 line4=-0.00/+0.00 line5=-0.00/+0.12 line6=+0.00/-0.00 line7=-0.00/-0.12 line8=+0.00/-0.00 line9=+0.00/-0.00 headers=+0.00/+0.00 definitions=+0.00/+0.00 system=+0.00/-0.01 question=-0.00/-0.00 answer_instr=+0.00/+0.00 asst_header=-0.01/+0.00 answer_site=+0.00/+0.00
  row 26: line1=+0.00/+0.00 line2=+0.12/+0.00 line3=+0.00/+0.00 line4=+0.00/-0.12 line5=+0.00/+0.12 line6=+0.00/-0.00 line7=+0.00/-0.12 line8=+0.00/-0.01 line9=+0.00/+0.12 headers=-0.00/+0.00 definitions=+0.00/+0.00 system=-0.00/-0.01 question=+0.00/-0.00 answer_instr=+0.00/+0.00 asst_header=+0.00/+0.00 answer_site=+0.00/-0.00
  row 27: line1=+0.00/+0.00 line2=+0.00/-0.12 line3=-0.00/+0.00 line4=+0.00/+0.00 line5=+0.00/+0.00 line6=+0.00/+0.00 line7=-0.00/+0.00 line8=+0.00/+0.00 line9=+0.00/+0.00 headers=-0.00/+0.00 definitions=-0.00/+0.00 system=-0.01/+0.00 question=+0.00/+0.00 answer_instr=+0.00/+0.00 asst_header=-0.01/+0.00 answer_site=+0.00/+0.01
  row 28: line1=+0.00/+0.00 line2=+0.00/+0.00 line3=+0.00/+0.00 line4=+0.00/+0.00 line5=+0.00/+0.00 line6=+0.00/+0.00 line7=+0.00/+0.00 line8=+0.00/+0.00 line9=+0.00/+0.00 headers=+0.00/+0.00 definitions=+0.00/+0.00 system=+0.00/+0.00 question=+0.00/+0.00 answer_instr=+0.00/+0.00 asst_header=+0.00/+0.00 answer_site=+0.00/+0.00
CDIM cf3: R (S -> C) and D (C -> S) ...
  row 00: line1=+0.00/+0.00 line2=+0.00/+0.00 line3=+0.11/+0.11 line4=+0.00/+0.00 line5=+0.00/+0.00 line6=+0.00/+0.00 line7=+0.00/+0.00 line8=+0.00/+0.00 line9=+0.00/+0.00 headers=+0.00/+0.00 definitions=+0.00/+0.00 system=+0.11/+0.11 question=+0.00/+0.00 answer_instr=+0.00/+0.00 asst_header=+0.00/+0.00 answer_site=+0.00/+0.00
  row 01: line1=+0.00/+0.00 line2=+0.00/+0.00 line3=+0.11/+0.11 line4=-0.13/+0.01 line5=-0.12/+0.01 line6=-0.12/+0.12 line7=-0.01/+0.12 line8=+0.00/-0.12 line9=-0.00/+0.12 headers=+0.00/+0.00 definitions=+0.00/+0.00 system=-0.00/+0.11 question=+0.00/+0.01 answer_instr=-0.12/-0.01 asst_header=-0.13/+0.12 answer_site=-0.00/+0.12
  row 02: line1=+0.00/+0.00 line2=+0.00/+0.00 line3=+0.11/+0.24 line4=-0.01/+0.00 line5=-0.13/+0.00 line6=-0.25/+0.12 line7=-0.01/-0.01 line8=-0.01/+0.00 line9=+0.00/+0.01 headers=+0.00/+0.00 definitions=+0.00/+0.00 system=+0.12/+0.11 question=-0.00/+0.12 answer_instr=-0.00/+0.12 asst_header=-0.00/+0.12 answer_site=-0.00/+0.12
  row 03: line1=+0.00/+0.00 line2=+0.00/+0.00 line3=+0.12/+0.11 line4=+0.00/+0.12 line5=+0.00/+0.00 line6=-0.00/+0.00 line7=-0.00/+0.12 line8=-0.01/+0.12 line9=-0.01/+0.00 headers=+0.00/+0.00 definitions=+0.00/+0.00 system=+0.12/+0.12 question=-0.00/-0.01 answer_instr=-0.01/+0.12 asst_header=-0.01/+0.12 answer_site=-0.12/+0.00
  row 04: line1=+0.00/+0.00 line2=+0.00/+0.00 line3=-0.00/-0.00 line4=-0.12/+0.12 line5=-0.12/+0.00 line6=+0.00/+0.12 line7=-0.12/+0.00 line8=-0.12/+0.12 line9=-0.12/-0.11 headers=+0.00/+0.00 definitions=+0.00/+0.00 system=-0.00/+0.12 question=-0.00/+0.12 answer_instr=-0.00/+0.00 asst_header=+0.00/-0.01 answer_site=-0.00/+0.00
  row 05: line1=+0.00/+0.00 line2=+0.00/+0.00 line3=-0.00/+0.11 line4=+0.00/+0.01 line5=+0.00/+0.12 line6=+0.00/+0.12 line7=-0.01/+0.01 line8=-0.00/-0.12 line9=-0.12/+0.12 headers=+0.00/+0.00 definitions=+0.00/+0.00 system=-0.00/+0.12 question=-0.01/+0.12 answer_instr=-0.01/-0.00 asst_header=-0.12/+0.00 answer_site=-0.01/+0.12
  row 06: line1=+0.00/+0.00 line2=+0.00/+0.00 line3=-0.00/+0.11 line4=-0.00/+0.00 line5=-0.00/+0.12 line6=-0.00/+0.12 line7=+0.00/+0.00 line8=-0.00/+0.12 line9=-0.00/-0.12 headers=+0.00/+0.00 definitions=+0.00/+0.00 system=-0.01/+0.12 question=+0.00/+0.13 answer_instr=-0.01/+0.00 asst_header=-0.01/-0.01 answer_site=-0.01/+0.00
  row 07: line1=+0.00/+0.00 line2=+0.00/+0.00 line3=-0.00/+0.11 line4=-0.00/+0.01 line5=-0.00/+0.00 line6=-0.01/-0.01 line7=+0.00/+0.12 line8=-0.00/+0.00 line9=-0.01/+0.12 headers=+0.00/+0.00 definitions=+0.00/+0.00 system=-0.00/+0.11 question=-0.00/+0.13 answer_instr=-0.13/-0.01 asst_header=-0.12/+0.01 answer_site=+0.00/-0.00
  row 08: line1=+0.00/+0.00 line2=+0.00/+0.00 line3=-0.00/+0.24 line4=-0.12/+0.01 line5=-0.00/-0.01 line6=-0.01/-0.12 line7=+0.00/+0.12 line8=-0.13/-0.11 line9=-0.12/+0.00 headers=+0.00/+0.00 definitions=+0.00/+0.00 system=-0.13/+0.11 question=+0.00/+0.00 answer_instr=-0.01/+0.01 asst_header=-0.12/-0.00 answer_site=-0.12/+0.12
  row 09: line1=+0.00/+0.00 line2=+0.00/+0.00 line3=-0.01/-0.01 line4=-0.00/+0.12 line5=-0.12/+0.00 line6=-0.12/+0.00 line7=-0.01/+0.00 line8=-0.12/-0.00 line9=-0.00/+0.00 headers=+0.00/+0.00 definitions=+0.00/+0.00 system=-0.12/-0.01 question=+0.13/+0.24 answer_instr=-0.00/+0.00 asst_header=-0.12/+0.00 answer_site=+0.00/+0.12
  row 10: line1=+0.00/+0.00 line2=+0.00/+0.00 line3=-0.13/-0.13 line4=-0.01/+0.12 line5=-0.01/+0.00 line6=-0.00/-0.00 line7=+0.00/+0.00 line8=+0.00/+0.12 line9=-0.13/+0.12 headers=+0.00/+0.00 definitions=+0.00/+0.00 system=-0.25/-0.00 question=+0.12/+0.24 answer_instr=-0.00/+0.01 asst_header=-0.00/-0.01 answer_site=-0.00/+0.00
  row 11: line1=+0.00/+0.00 line2=+0.00/+0.00 line3=-0.13/-0.13 line4=-0.13/+0.00 line5=-0.12/+0.00 line6=-0.01/+0.12 line7=-0.00/+0.00 line8=-0.00/-0.00 line9=-0.01/+0.12 headers=+0.00/+0.00 definitions=+0.00/+0.00 system=-0.13/-0.00 question=+0.13/+0.24 answer_instr=-0.00/-0.00 asst_header=-0.12/+0.12 answer_site=-0.00/+0.12
  row 12: line1=+0.00/+0.00 line2=+0.00/+0.00 line3=-0.02/-0.01 line4=-0.12/+0.00 line5=+0.00/+0.12 line6=-0.00/+0.12 line7=-0.00/+0.00 line8=-0.12/-0.12 line9=-0.00/+0.00 headers=+0.00/+0.00 definitions=+0.00/+0.00 system=-0.25/-0.13 question=+0.24/+0.12 answer_instr=-0.00/-0.00 asst_header=-0.00/+0.12 answer_site=-0.01/-0.00
  row 13: line1=+0.00/+0.00 line2=+0.00/+0.00 line3=-0.13/+0.00 line4=-0.00/-0.00 line5=-0.01/+0.00 line6=-0.00/+0.00 line7=-0.00/+0.12 line8=-0.12/-0.00 line9=-0.01/-0.00 headers=+0.00/+0.00 definitions=+0.00/+0.00 system=-0.13/-0.12 question=+0.12/+0.24 answer_instr=-0.01/+0.00 asst_header=-0.00/+0.00 answer_site=-0.12/-0.12
  row 14: line1=+0.00/+0.00 line2=+0.00/+0.00 line3=-0.00/+0.00 line4=-0.12/+0.00 line5=-0.00/+0.00 line6=-0.00/+0.12 line7=-0.00/+0.12 line8=-0.00/+0.00 line9=-0.00/+0.00 headers=+0.00/+0.00 definitions=+0.00/+0.00 system=-0.00/-0.01 question=+0.12/-0.00 answer_instr=-0.00/-0.00 asst_header=-0.00/+0.00 answer_site=-0.01/+0.12
  row 15: line1=+0.00/+0.00 line2=+0.00/+0.00 line3=-0.00/+0.00 line4=-0.00/+0.00 line5=-0.00/+0.00 line6=-0.01/+0.00 line7=-0.00/+0.00 line8=-0.01/+0.00 line9=-0.00/+0.12 headers=+0.00/+0.00 definitions=+0.00/+0.00 system=-0.00/-0.00 question=-0.01/+0.00 answer_instr=-0.00/-0.00 asst_header=-0.01/+0.00 answer_site=-0.00/+0.11
  row 16: line1=+0.00/+0.00 line2=+0.00/+0.00 line3=-0.00/+0.00 line4=-0.12/+0.12 line5=-0.00/-0.00 line6=-0.01/+0.00 line7=-0.01/+0.12 line8=-0.00/+0.00 line9=-0.01/+0.00 headers=+0.00/+0.00 definitions=+0.00/+0.00 system=-0.00/+0.00 question=-0.00/-0.00 answer_instr=-0.00/+0.12 asst_header=-0.00/+0.00 answer_site=-0.00/+0.11
  row 17: line1=+0.00/+0.00 line2=+0.00/+0.00 line3=-0.00/+0.00 line4=-0.00/-0.00 line5=-0.00/-0.00 line6=-0.00/+0.12 line7=-0.00/+0.00 line8=-0.11/+0.00 line9=-0.00/+0.00 headers=+0.00/+0.00 definitions=+0.00/+0.00 system=-0.00/-0.12 question=-0.00/+0.00 answer_instr=-0.00/-0.00 asst_header=+0.00/+0.00 answer_site=-0.01/+0.24
  row 18: line1=+0.00/+0.00 line2=+0.00/+0.00 line3=+0.00/+0.12 line4=-0.00/+0.00 line5=-0.00/+0.12 line6=-0.12/+0.00 line7=+0.00/+0.00 line8=+0.00/+0.00 line9=-0.00/-0.00 headers=+0.00/+0.00 definitions=+0.00/+0.00 system=-0.00/+0.00 question=-0.00/+0.00 answer_instr=-0.00/+0.12 asst_header=-0.01/+0.00 answer_site=-0.00/+0.11
  row 19: line1=+0.00/+0.00 line2=+0.00/+0.00 line3=-0.12/+0.12 line4=-0.00/+0.00 line5=-0.00/+0.00 line6=-0.00/+0.00 line7=-0.00/-0.00 line8=-0.12/+0.12 line9=-0.00/+0.00 headers=+0.00/+0.00 definitions=+0.00/+0.00 system=+0.00/-0.01 question=-0.11/+0.00 answer_instr=+0.00/+0.12 asst_header=-0.01/+0.00 answer_site=+0.11/+0.11
  row 20: line1=+0.00/+0.00 line2=+0.00/+0.00 line3=-0.00/-0.00 line4=-0.00/+0.12 line5=-0.00/+0.12 line6=-0.00/-0.01 line7=-0.00/+0.00 line8=-0.00/-0.00 line9=-0.00/+0.12 headers=+0.00/+0.00 definitions=+0.00/+0.00 system=+0.00/-0.00 question=-0.00/+0.00 answer_instr=-0.00/+0.00 asst_header=+0.00/+0.00 answer_site=+0.12/+0.24
  row 21: line1=+0.00/+0.00 line2=+0.00/+0.00 line3=-0.00/+0.00 line4=-0.12/+0.00 line5=-0.00/+0.12 line6=-0.00/+0.12 line7=+0.00/+0.00 line8=-0.00/+0.00 line9=-0.00/+0.00 headers=+0.00/+0.00 definitions=+0.00/+0.00 system=-0.00/-0.00 question=-0.00/-0.00 answer_instr=-0.00/+0.00 asst_header=-0.12/+0.00 answer_site=-0.01/+0.24
  row 22: line1=+0.00/+0.00 line2=+0.00/+0.00 line3=+0.00/+0.12 line4=-0.00/-0.00 line5=-0.00/-0.12 line6=+0.00/+0.12 line7=-0.00/+0.00 line8=+0.00/+0.00 line9=-0.00/+0.12 headers=+0.00/+0.00 definitions=+0.00/+0.00 system=-0.12/+0.12 question=-0.00/+0.12 answer_instr=-0.00/+0.00 asst_header=-0.00/+0.00 answer_site=+0.11/+0.24
  row 23: line1=+0.00/+0.00 line2=+0.00/+0.00 line3=-0.00/+0.00 line4=+0.00/+0.00 line5=+0.00/-0.12 line6=-0.00/-0.00 line7=+0.00/-0.00 line8=+0.00/+0.00 line9=-0.00/+0.12 headers=+0.00/+0.00 definitions=+0.00/+0.00 system=+0.00/-0.00 question=-0.00/-0.00 answer_instr=-0.00/-0.00 asst_header=-0.00/+0.00 answer_site=+0.11/+0.24
  row 24: line1=+0.00/+0.00 line2=+0.00/+0.00 line3=-0.00/-0.00 line4=-0.00/-0.00 line5=-0.00/+0.00 line6=+0.00/+0.12 line7=-0.12/-0.00 line8=-0.00/-0.00 line9=+0.00/+0.00 headers=+0.00/+0.00 definitions=+0.00/+0.00 system=-0.00/-0.00 question=-0.00/+0.12 answer_instr=-0.00/-0.00 asst_header=-0.00/+0.00 answer_site=+0.11/+0.11
  row 25: line1=+0.00/+0.00 line2=+0.00/+0.00 line3=-0.00/+0.00 line4=-0.12/-0.00 line5=-0.00/-0.01 line6=-0.00/+0.00 line7=+0.00/-0.01 line8=+0.00/+0.00 line9=-0.00/-0.01 headers=+0.00/+0.00 definitions=+0.00/+0.00 system=-0.12/-0.00 question=-0.00/+0.12 answer_instr=-0.00/+0.00 asst_header=+0.00/+0.00 answer_site=+0.11/+0.11
  row 26: line1=+0.00/+0.00 line2=+0.00/+0.00 line3=-0.00/-0.00 line4=-0.00/-0.12 line5=+0.00/-0.00 line6=-0.12/-0.12 line7=-0.00/-0.00 line8=+0.00/+0.00 line9=-0.00/-0.00 headers=+0.00/+0.00 definitions=+0.00/+0.00 system=-0.12/-0.12 question=-0.00/+0.00 answer_instr=-0.00/-0.12 asst_header=-0.00/-0.00 answer_site=+0.11/+0.11
  row 27: line1=+0.00/+0.00 line2=+0.00/+0.00 line3=+0.00/+0.00 line4=+0.00/+0.00 line5=+0.00/+0.00 line6=-0.00/+0.00 line7=-0.00/-0.01 line8=+0.00/+0.00 line9=-0.00/+0.00 headers=+0.00/+0.00 definitions=+0.00/+0.00 system=+0.00/-0.12 question=-0.00/+0.00 answer_instr=+0.00/+0.00 asst_header=-0.00/-0.00 answer_site=+0.11/+0.11
  row 28: line1=+0.00/+0.00 line2=+0.00/+0.00 line3=+0.00/+0.00 line4=+0.00/+0.00 line5=+0.00/+0.00 line6=+0.00/+0.00 line7=+0.00/+0.00 line8=+0.00/+0.00 line9=+0.00/+0.00 headers=+0.00/+0.00 definitions=+0.00/+0.00 system=+0.00/+0.00 question=+0.00/+0.00 answer_instr=+0.00/+0.00 asst_header=+0.00/+0.00 answer_site=+0.11/+0.11
CDIM cf4: R (S -> C) and D (C -> S) ...
  row 00: line1=+0.00/+0.00 line2=+0.00/+0.00 line3=+0.00/+0.00 line4=-0.01/-0.01 line5=+0.00/+0.00 line6=+0.00/+0.00 line7=+0.00/+0.00 line8=+0.00/+0.00 line9=+0.00/+0.00 headers=+0.00/+0.00 definitions=+0.00/+0.00 system=-0.01/-0.01 question=+0.00/+0.00 answer_instr=+0.00/+0.00 asst_header=+0.00/+0.00 answer_site=+0.00/+0.00
  row 01: line1=+0.00/+0.00 line2=+0.00/+0.00 line3=+0.00/+0.00 line4=-0.00/+0.00 line5=-0.01/-0.01 line6=-0.01/+0.12 line7=-0.01/-0.11 line8=-0.00/+0.12 line9=-0.00/+0.00 headers=+0.00/+0.00 definitions=+0.00/+0.00 system=-0.01/-0.12 question=-0.01/+0.12 answer_instr=+0.12/+0.00 asst_header=+0.12/+0.12 answer_site=-0.00/+0.12
  row 02: line1=+0.00/+0.00 line2=+0.00/+0.00 line3=+0.00/+0.00 line4=-0.01/+0.00 line5=+0.12/+0.12 line6=+0.11/+0.12 line7=+0.11/-0.01 line8=+0.11/+0.12 line9=-0.00/+0.12 headers=+0.00/+0.00 definitions=+0.00/+0.00 system=-0.01/+0.00 question=+0.12/+0.00 answer_instr=-0.01/+0.12 asst_header=+0.11/-0.00 answer_site=+0.11/+0.12
  row 03: line1=+0.00/+0.00 line2=+0.00/+0.00 line3=+0.00/+0.00 line4=-0.01/+0.12 line5=+0.11/+0.12 line6=+0.12/+0.12 line7=+0.11/-0.00 line8=-0.01/+0.12 line9=+0.12/+0.00 headers=+0.00/+0.00 definitions=+0.00/+0.00 system=-0.01/+0.00 question=+0.12/+0.12 answer_instr=-0.01/+0.00 asst_header=-0.00/-0.00 answer_site=-0.00/-0.00
  row 04: line1=+0.00/+0.00 line2=+0.00/+0.00 line3=+0.00/+0.00 line4=-0.01/+0.00 line5=-0.01/+0.00 line6=-0.01/+0.00 line7=-0.01/+0.12 line8=-0.01/+0.12 line9=-0.01/+0.01 headers=+0.00/+0.00 definitions=+0.00/+0.00 system=-0.01/+0.00 question=+0.11/+0.12 answer_instr=-0.00/+0.12 asst_header=-0.01/+0.12 answer_site=-0.00/-0.01
  row 05: line1=+0.00/+0.00 line2=+0.00/+0.00 line3=+0.00/+0.00 line4=-0.01/-0.00 line5=-0.01/+0.00 line6=+0.11/+0.00 line7=-0.01/+0.12 line8=+0.11/-0.00 line9=+0.12/+0.00 headers=+0.00/+0.00 definitions=+0.00/+0.00 system=-0.01/-0.00 question=-0.01/+0.01 answer_instr=-0.01/+0.01 asst_header=-0.01/+0.12 answer_site=+0.12/-0.00
  row 06: line1=+0.00/+0.00 line2=+0.00/+0.00 line3=+0.00/+0.00 line4=+0.11/+0.13 line5=-0.01/+0.12 line6=-0.01/+0.00 line7=-0.01/+0.00 line8=-0.01/+0.12 line9=-0.01/+0.12 headers=+0.00/+0.00 definitions=+0.00/+0.00 system=+0.12/-0.00 question=-0.01/+0.00 answer_instr=-0.01/+0.00 asst_header=-0.01/-0.01 answer_site=+0.12/-0.00
  row 07: line1=+0.00/+0.00 line2=+0.00/+0.00 line3=+0.00/+0.00 line4=+0.00/+0.00 line5=-0.01/-0.00 line6=-0.01/+0.12 line7=-0.01/+0.00 line8=-0.01/+0.12 line9=-0.01/+0.12 headers=+0.00/+0.00 definitions=+0.00/+0.00 system=-0.01/+0.00 question=-0.01/+0.00 answer_instr=-0.01/+0.00 asst_header=-0.01/+0.00 answer_site=+0.12/-0.00
  row 08: line1=+0.00/+0.00 line2=+0.00/+0.00 line3=+0.00/+0.00 line4=-0.01/+0.12 line5=-0.01/+0.00 line6=+0.12/+0.00 line7=-0.01/+0.12 line8=+0.11/+0.00 line9=+0.12/+0.12 headers=+0.00/+0.00 definitions=+0.00/+0.00 system=-0.13/-0.00 question=-0.00/+0.12 answer_instr=-0.01/+0.12 asst_header=-0.01/-0.00 answer_site=+0.11/-0.00
  row 09: line1=+0.00/+0.00 line2=+0.00/+0.00 line3=+0.00/+0.00 line4=+0.12/+0.25 line5=-0.01/+0.00 line6=+0.12/+0.12 line7=-0.01/+0.00 line8=-0.01/+0.12 line9=-0.01/+0.01 headers=+0.00/+0.00 definitions=+0.00/+0.00 system=-0.13/+0.00 question=-0.01/+0.00 answer_instr=-0.01/+0.12 asst_header=+0.12/+0.12 answer_site=-0.00/+0.00
  row 10: line1=+0.00/+0.00 line2=+0.00/+0.00 line3=+0.00/+0.00 line4=+0.12/+0.25 line5=-0.01/+0.00 line6=-0.00/+0.00 line7=+0.12/+0.00 line8=-0.01/+0.12 line9=-0.01/+0.12 headers=+0.00/+0.00 definitions=+0.00/+0.00 system=+0.11/+0.12 question=-0.12/-0.01 answer_instr=-0.01/+0.00 asst_header=-0.00/+0.00 answer_site=-0.00/+0.00
  row 11: line1=+0.00/+0.00 line2=+0.00/+0.00 line3=+0.00/+0.00 line4=+0.11/+0.25 line5=-0.13/-0.12 line6=-0.00/+0.00 line7=-0.01/+0.00 line8=+0.11/+0.12 line9=-0.12/-0.00 headers=+0.00/+0.00 definitions=+0.00/+0.00 system=+0.12/+0.00 question=-0.12/+0.00 answer_instr=-0.01/+0.01 asst_header=+0.11/+0.00 answer_site=+0.11/+0.12
  row 12: line1=+0.00/+0.00 line2=+0.00/+0.00 line3=+0.00/+0.00 line4=+0.12/+0.25 line5=-0.00/+0.00 line6=+0.11/+0.00 line7=+0.11/+0.12 line8=-0.01/+0.00 line9=+0.11/+0.00 headers=+0.00/+0.00 definitions=+0.00/+0.00 system=-0.00/+0.12 question=-0.01/+0.00 answer_instr=+0.11/+0.12 asst_header=-0.01/+0.12 answer_site=+0.11/+0.12
  row 13: line1=+0.00/+0.00 line2=+0.00/+0.00 line3=+0.00/+0.00 line4=+0.12/+0.00 line5=-0.01/+0.12 line6=-0.00/+0.12 line7=+0.12/+0.00 line8=+0.11/+0.12 line9=+0.12/+0.00 headers=+0.00/+0.00 definitions=+0.00/+0.00 system=+0.12/+0.12 question=-0.01/+0.00 answer_instr=+0.00/+0.12 asst_header=+0.11/+0.00 answer_site=+0.12/+0.12
  row 14: line1=+0.00/+0.00 line2=+0.00/+0.00 line3=+0.00/+0.00 line4=-0.01/+0.00 line5=+0.12/+0.00 line6=-0.00/+0.00 line7=+0.11/+0.12 line8=+0.11/-0.12 line9=-0.00/-0.00 headers=+0.00/+0.00 definitions=+0.00/+0.00 system=+0.11/+0.12 question=-0.01/+0.01 answer_instr=+0.12/+0.00 asst_header=+0.12/+0.12 answer_site=-0.00/+0.01
  row 15: line1=+0.00/+0.00 line2=+0.00/+0.00 line3=+0.00/+0.00 line4=-0.01/-0.00 line5=+0.11/-0.00 line6=+0.11/+0.12 line7=-0.00/+0.00 line8=+0.11/+0.00 line9=+0.12/+0.00 headers=+0.00/+0.00 definitions=+0.00/+0.00 system=-0.00/-0.01 question=-0.00/+0.00 answer_instr=+0.11/+0.00 asst_header=-0.00/+0.00 answer_site=+0.00/+0.00
  row 16: line1=+0.00/+0.00 line2=+0.00/+0.00 line3=+0.00/+0.00 line4=+0.11/+0.00 line5=+0.11/+0.00 line6=-0.00/+0.00 line7=-0.00/+0.00 line8=+0.11/+0.00 line9=+0.11/+0.00 headers=+0.00/+0.00 definitions=+0.00/+0.00 system=-0.01/+0.12 question=+0.11/+0.12 answer_instr=-0.00/+0.00 asst_header=+0.00/+0.00 answer_site=+0.00/+0.00
  row 17: line1=+0.00/+0.00 line2=+0.00/+0.00 line3=+0.00/+0.00 line4=-0.01/+0.12 line5=+0.12/-0.12 line6=+0.11/+0.12 line7=+0.11/+0.12 line8=+0.11/+0.00 line9=+0.11/+0.12 headers=+0.00/+0.00 definitions=+0.00/+0.00 system=+0.11/+0.00 question=+0.11/+0.00 answer_instr=+0.11/-0.00 asst_header=+0.00/+0.00 answer_site=-0.01/+0.00
  row 18: line1=+0.00/+0.00 line2=+0.00/+0.00 line3=+0.00/+0.00 line4=+0.11/+0.00 line5=+0.11/+0.00 line6=+0.11/+0.00 line7=+0.11/-0.00 line8=+0.12/+0.00 line9=+0.12/+0.12 headers=+0.00/+0.00 definitions=+0.00/+0.00 system=-0.01/-0.00 question=+0.11/+0.00 answer_instr=+0.11/+0.00 asst_header=+0.00/+0.00 answer_site=-0.01/-0.01
  row 19: line1=+0.00/+0.00 line2=+0.00/+0.00 line3=+0.00/+0.00 line4=+0.12/+0.00 line5=+0.12/+0.00 line6=-0.00/+0.00 line7=+0.11/+0.00 line8=-0.01/+0.00 line9=+0.00/+0.00 headers=+0.00/+0.00 definitions=+0.00/+0.00 system=+0.12/-0.00 question=+0.12/+0.00 answer_instr=+0.12/+0.00 asst_header=-0.00/-0.00 answer_site=-0.01/+0.00
  row 20: line1=+0.00/+0.00 line2=+0.00/+0.00 line3=+0.00/+0.00 line4=+0.11/-0.01 line5=+0.11/-0.00 line6=+0.11/+0.01 line7=+0.11/+0.12 line8=+0.00/+0.12 line9=+0.12/+0.12 headers=+0.00/+0.00 definitions=+0.00/+0.00 system=+0.11/+0.12 question=+0.12/+0.12 answer_instr=+0.11/+0.00 asst_header=-0.00/+0.00 answer_site=-0.01/-0.01
  row 21: line1=+0.00/+0.00 line2=+0.00/+0.00 line3=+0.00/+0.00 line4=+0.12/+0.00 line5=+0.11/-0.01 line6=-0.00/+0.00 line7=+0.11/+0.00 line8=+0.11/+0.00 line9=+0.11/+0.00 headers=+0.00/+0.00 definitions=+0.00/+0.00 system=+0.11/+0.12 question=+0.12/-0.00 answer_instr=+0.11/+0.00 asst_header=+0.00/-0.00 answer_site=-0.01/-0.12
  row 22: line1=+0.00/+0.00 line2=+0.00/+0.00 line3=+0.00/+0.00 line4=-0.00/-0.00 line5=+0.11/-0.00 line6=+0.11/+0.00 line7=+0.11/-0.00 line8=+0.12/+0.00 line9=+0.11/+0.12 headers=+0.00/+0.00 definitions=+0.00/+0.00 system=+0.11/+0.00 question=+0.00/-0.00 answer_instr=+0.11/+0.00 asst_header=+0.00/-0.00 answer_site=-0.01/+0.00
  row 23: line1=+0.00/+0.00 line2=+0.00/+0.00 line3=+0.00/+0.00 line4=+0.12/+0.00 line5=+0.12/-0.00 line6=+0.12/+0.12 line7=-0.00/+0.00 line8=+0.12/-0.00 line9=+0.11/+0.00 headers=+0.00/+0.00 definitions=+0.00/+0.00 system=+0.11/+0.00 question=+0.00/+0.12 answer_instr=-0.00/+0.00 asst_header=-0.00/-0.00 answer_site=-0.01/-0.01
  row 24: line1=+0.00/+0.00 line2=+0.00/+0.00 line3=+0.00/+0.00 line4=+0.11/-0.01 line5=+0.11/+0.00 line6=+0.12/-0.00 line7=-0.00/+0.00 line8=+0.12/-0.00 line9=+0.11/+0.00 headers=+0.00/+0.00 definitions=+0.00/+0.00 system=+0.11/+0.12 question=+0.12/-0.12 answer_instr=+0.11/+0.00 asst_header=-0.00/+0.00 answer_site=-0.12/-0.12
  row 25: line1=+0.00/+0.00 line2=+0.00/+0.00 line3=+0.00/+0.00 line4=+0.12/+0.00 line5=-0.00/-0.00 line6=-0.00/-0.00 line7=-0.00/+0.00 line8=+0.00/-0.01 line9=-0.00/-0.12 headers=+0.00/+0.00 definitions=+0.00/+0.00 system=+0.11/-0.00 question=+0.12/+0.00 answer_instr=+0.00/-0.01 asst_header=-0.00/-0.01 answer_site=-0.01/-0.12
  row 26: line1=+0.00/+0.00 line2=+0.00/+0.00 line3=+0.00/+0.00 line4=+0.00/+0.00 line5=-0.00/-0.00 line6=-0.00/-0.00 line7=+0.00/-0.00 line8=-0.00/-0.00 line9=+0.12/-0.00 headers=+0.00/+0.00 definitions=+0.00/+0.00 system=+0.12/-0.00 question=+0.00/+0.00 answer_instr=+0.12/-0.01 asst_header=-0.00/-0.11 answer_site=+0.00/-0.01
  row 27: line1=+0.00/+0.00 line2=+0.00/+0.00 line3=+0.00/+0.00 line4=+0.00/+0.00 line5=+0.00/+0.00 line6=+0.00/-0.00 line7=+0.00/+0.00 line8=-0.00/+0.00 line9=-0.00/+0.00 headers=+0.00/+0.00 definitions=+0.00/+0.00 system=+0.00/+0.00 question=+0.00/-0.12 answer_instr=-0.00/+0.00 asst_header=+0.00/-0.00 answer_site=-0.01/-0.12
  row 28: line1=+0.00/+0.00 line2=+0.00/+0.00 line3=+0.00/+0.00 line4=+0.00/+0.00 line5=+0.00/+0.00 line6=+0.00/+0.00 line7=+0.00/+0.00 line8=+0.00/+0.00 line9=+0.00/+0.00 headers=+0.00/+0.00 definitions=+0.00/+0.00 system=+0.00/+0.00 question=+0.00/+0.00 answer_instr=+0.00/+0.00 asst_header=+0.00/+0.00 answer_site=-0.01/-0.01
CDIM cf5: R (S -> C) and D (C -> S) ...
  row 00: line1=+0.00/+0.00 line2=+0.00/+0.00 line3=+0.00/+0.00 line4=+0.00/+0.00 line5=-0.12/-0.12 line6=+0.00/+0.00 line7=+0.00/+0.00 line8=+0.00/+0.00 line9=+0.00/+0.00 headers=+0.00/+0.00 definitions=+0.00/+0.00 system=-0.12/-0.12 question=+0.00/+0.00 answer_instr=+0.00/+0.00 asst_header=+0.00/+0.00 answer_site=+0.00/+0.00
  row 01: line1=+0.00/+0.00 line2=+0.00/+0.00 line3=+0.00/+0.00 line4=+0.00/+0.00 line5=-0.12/-0.13 line6=+0.01/+0.00 line7=+0.01/+0.12 line8=+0.12/+0.12 line9=-0.00/-0.00 headers=+0.00/+0.00 definitions=+0.00/+0.00 system=-0.12/-0.13 question=+0.00/+0.12 answer_instr=+0.00/+0.12 asst_header=+0.11/+0.12 answer_site=+0.01/+0.12
  row 02: line1=+0.00/+0.00 line2=+0.00/+0.00 line3=+0.00/+0.00 line4=+0.00/+0.00 line5=-0.01/-0.00 line6=+0.12/+0.12 line7=+0.13/+0.00 line8=+0.01/+0.12 line9=+0.12/+0.12 headers=+0.00/+0.00 definitions=+0.00/+0.00 system=-0.25/-0.12 question=+0.12/+0.00 answer_instr=+0.01/+0.12 asst_header=-0.00/+0.12 answer_site=+0.01/+0.00
  row 03: line1=+0.00/+0.00 line2=+0.00/+0.00 line3=+0.00/+0.00 line4=+0.00/+0.00 line5=-0.12/-0.13 line6=+0.01/+0.12 line7=+0.01/+0.00 line8=+0.01/+0.12 line9=+0.01/+0.12 headers=+0.00/+0.00 definitions=+0.00/+0.00 system=-0.12/-0.24 question=+0.12/+0.12 answer_instr=+0.01/+0.12 asst_header=+0.11/+0.12 answer_site=-0.00/+0.00
  row 04: line1=+0.00/+0.00 line2=+0.00/+0.00 line3=+0.00/+0.00 line4=+0.00/+0.00 line5=-0.25/-0.14 line6=+0.12/+0.12 line7=+0.12/+0.12 line8=+0.12/+0.01 line9=+0.12/+0.12 headers=+0.00/+0.00 definitions=+0.00/+0.00 system=-0.25/-0.13 question=+0.12/+0.00 answer_instr=-0.00/+0.00 asst_header=+0.00/+0.00 answer_site=+0.12/+0.00
  row 05: line1=+0.00/+0.00 line2=+0.00/+0.00 line3=+0.00/+0.00 line4=+0.00/+0.00 line5=-0.25/-0.24 line6=+0.01/+0.12 line7=+0.01/+0.12 line8=+0.00/+0.12 line9=+0.12/+0.00 headers=+0.00/+0.00 definitions=+0.00/+0.00 system=-0.24/-0.24 question=-0.00/+0.00 answer_instr=+0.00/+0.12 asst_header=+0.00/+0.00 answer_site=+0.12/+0.12
  row 06: line1=+0.00/+0.00 line2=+0.00/+0.00 line3=+0.00/+0.00 line4=+0.00/+0.00 line5=-0.12/-0.13 line6=+0.12/+0.01 line7=+0.12/+0.00 line8=+0.11/-0.00 line9=+0.12/+0.12 headers=+0.00/+0.00 definitions=+0.00/+0.00 system=-0.12/-0.13 question=-0.12/+0.00 answer_instr=+0.01/+0.12 asst_header=+0.11/+0.12 answer_site=+0.12/+0.12
  row 07: line1=+0.00/+0.00 line2=+0.00/+0.00 line3=+0.00/+0.00 line4=+0.00/+0.00 line5=-0.12/-0.12 line6=+0.12/+0.12 line7=-0.12/-0.00 line8=+0.12/+0.12 line9=+0.12/+0.12 headers=+0.00/+0.00 definitions=+0.00/+0.00 system=-0.13/-0.24 question=-0.00/+0.00 answer_instr=+0.12/+0.12 asst_header=+0.00/+0.12 answer_site=+0.12/-0.12
  row 08: line1=+0.00/+0.00 line2=+0.00/+0.00 line3=+0.00/+0.00 line4=+0.00/+0.00 line5=-0.12/-0.24 line6=+0.12/+0.12 line7=-0.00/+0.01 line8=-0.00/-0.11 line9=-0.01/-0.01 headers=+0.00/+0.00 definitions=+0.00/+0.00 system=-0.12/-0.13 question=-0.12/+0.00 answer_instr=+0.12/-0.01 asst_header=-0.01/-0.00 answer_site=-0.00/+0.12
  row 09: line1=+0.00/+0.00 line2=+0.00/+0.00 line3=+0.00/+0.00 line4=+0.00/+0.00 line5=-0.25/-0.24 line6=+0.00/+0.12 line7=+0.00/+0.00 line8=+0.01/+0.01 line9=+0.01/+0.12 headers=+0.00/+0.00 definitions=+0.00/+0.00 system=-0.24/-0.11 question=+0.01/+0.12 answer_instr=+0.12/+0.12 asst_header=+0.00/-0.00 answer_site=+0.12/+0.00
  row 10: line1=+0.00/+0.00 line2=+0.00/+0.00 line3=+0.00/+0.00 line4=+0.00/+0.00 line5=-0.24/-0.13 line6=+0.12/+0.01 line7=+0.01/+0.00 line8=+0.00/-0.00 line9=+0.12/+0.12 headers=+0.00/+0.00 definitions=+0.00/+0.00 system=-0.13/-0.12 question=-0.12/+0.00 answer_instr=+0.01/+0.01 asst_header=+0.12/+0.12 answer_site=+0.11/+0.12
  row 11: line1=+0.00/+0.00 line2=+0.00/+0.00 line3=+0.00/+0.00 line4=+0.00/+0.00 line5=-0.12/-0.12 line6=+0.12/+0.13 line7=-0.00/-0.00 line8=-0.12/+0.01 line9=+0.01/+0.12 headers=+0.00/+0.00 definitions=+0.00/+0.00 system=-0.12/-0.00 question=+0.00/-0.12 answer_instr=+0.01/+0.00 asst_header=+0.11/+0.12 answer_site=+0.12/-0.00
  row 12: line1=+0.00/+0.00 line2=+0.00/+0.00 line3=+0.00/+0.00 line4=+0.00/+0.00 line5=-0.00/+0.00 line6=+0.12/-0.01 line7=-0.00/-0.00 line8=+0.01/+0.12 line9=-0.00/+0.00 headers=+0.00/+0.00 definitions=+0.00/+0.00 system=-0.00/-0.01 question=-0.12/-0.12 answer_instr=+0.01/+0.00 asst_header=+0.11/+0.12 answer_site=+0.12/-0.00
  row 13: line1=+0.00/+0.00 line2=+0.00/+0.00 line3=+0.00/+0.00 line4=+0.00/+0.00 line5=-0.00/+0.12 line6=+0.01/+0.12 line7=+0.01/+0.00 line8=+0.12/-0.00 line9=+0.12/+0.12 headers=+0.00/+0.00 definitions=+0.00/+0.00 system=+0.12/+0.00 question=-0.12/-0.24 answer_instr=+0.12/-0.00 asst_header=+0.12/+0.12 answer_site=-0.00/+0.00
  row 14: line1=+0.00/+0.00 line2=+0.00/+0.00 line3=+0.00/+0.00 line4=+0.00/+0.00 line5=-0.00/+0.00 line6=+0.12/+0.01 line7=-0.00/-0.00 line8=+0.11/+0.00 line9=+0.11/+0.12 headers=+0.00/+0.00 definitions=+0.00/+0.00 system=+0.12/+0.00 question=+0.00/+0.00 answer_instr=+0.01/+0.00 asst_header=-0.00/+0.12 answer_site=-0.00/-0.13
  row 15: line1=+0.00/+0.00 line2=+0.00/+0.00 line3=+0.00/+0.00 line4=+0.00/+0.00 line5=+0.12/+0.00 line6=+0.01/+0.00 line7=+0.01/+0.12 line8=-0.00/+0.00 line9=+0.12/+0.00 headers=+0.00/+0.00 definitions=+0.00/+0.00 system=+0.01/+0.00 question=+0.01/-0.01 answer_instr=+0.01/-0.00 asst_header=+0.00/+0.12 answer_site=+0.12/-0.13
  row 16: line1=+0.00/+0.00 line2=+0.00/+0.00 line3=+0.00/+0.00 line4=+0.00/+0.00 line5=-0.00/+0.12 line6=-0.00/+0.12 line7=-0.00/+0.12 line8=-0.00/+0.12 line9=+0.00/+0.12 headers=+0.00/+0.00 definitions=+0.00/+0.00 system=-0.00/-0.12 question=+0.12/+0.00 answer_instr=-0.00/-0.12 asst_header=-0.00/+0.00 answer_site=-0.13/-0.13
  row 17: line1=+0.00/+0.00 line2=+0.00/+0.00 line3=+0.00/+0.00 line4=+0.00/+0.00 line5=-0.00/-0.01 line6=+0.01/+0.00 line7=+0.11/+0.12 line8=-0.00/-0.00 line9=-0.00/-0.00 headers=+0.00/+0.00 definitions=+0.00/+0.00 system=-0.00/+0.00 question=+0.01/+0.00 answer_instr=-0.00/-0.01 asst_header=+0.00/+0.00 answer_site=-0.00/-0.12
  row 18: line1=+0.00/+0.00 line2=+0.00/+0.00 line3=+0.00/+0.00 line4=+0.00/+0.00 line5=-0.00/-0.00 line6=+0.11/-0.00 line7=+0.01/+0.00 line8=-0.00/+0.00 line9=+0.11/+0.12 headers=+0.00/+0.00 definitions=+0.00/+0.00 system=+0.01/-0.00 question=-0.00/+0.00 answer_instr=+0.11/+0.00 asst_header=+0.00/+0.00 answer_site=-0.12/-0.00
  row 19: line1=+0.00/+0.00 line2=+0.00/+0.00 line3=+0.00/+0.00 line4=+0.00/+0.00 line5=-0.00/-0.00 line6=+0.11/-0.00 line7=+0.11/+0.00 line8=+0.11/+0.12 line9=-0.00/+0.12 headers=+0.00/+0.00 definitions=+0.00/+0.00 system=-0.00/+0.00 question=-0.00/+0.00 answer_instr=+0.12/-0.01 asst_header=-0.00/+0.00 answer_site=-0.00/-0.12
  row 20: line1=+0.00/+0.00 line2=+0.00/+0.00 line3=+0.00/+0.00 line4=+0.00/+0.00 line5=+0.11/+0.00 line6=-0.00/+0.00 line7=+0.12/+0.12 line8=-0.00/+0.00 line9=+0.11/+0.12 headers=+0.00/+0.00 definitions=+0.00/+0.00 system=+0.11/+0.00 question=-0.00/+0.00 answer_instr=+0.11/+0.00 asst_header=-0.00/+0.00 answer_site=-0.00/-0.01
  row 21: line1=+0.00/+0.00 line2=+0.00/+0.00 line3=+0.00/+0.00 line4=+0.00/+0.00 line5=+0.11/+0.12 line6=+0.12/-0.00 line7=+0.11/+0.00 line8=-0.01/-0.00 line9=+0.12/+0.00 headers=+0.00/+0.00 definitions=+0.00/+0.00 system=+0.11/+0.00 question=-0.00/+0.00 answer_instr=-0.00/+0.00 asst_header=+0.00/+0.00 answer_site=-0.12/-0.12
  row 22: line1=+0.00/+0.00 line2=+0.00/+0.00 line3=+0.00/+0.00 line4=+0.00/+0.00 line5=+0.11/+0.00 line6=-0.01/+0.00 line7=+0.11/-0.00 line8=+0.11/+0.00 line9=+0.11/+0.00 headers=+0.00/+0.00 definitions=+0.00/+0.00 system=+0.11/+0.00 question=+0.12/+0.01 answer_instr=+0.11/+0.00 asst_header=-0.00/+0.00 answer_site=-0.12/-0.12
  row 23: line1=+0.00/+0.00 line2=+0.00/+0.00 line3=+0.00/+0.00 line4=+0.00/+0.00 line5=+0.12/-0.00 line6=+0.12/-0.00 line7=-0.00/-0.00 line8=+0.11/+0.00 line9=+0.11/+0.00 headers=+0.00/+0.00 definitions=+0.00/+0.00 system=-0.00/-0.00 question=+0.00/-0.00 answer_instr=+0.11/+0.12 asst_header=+0.00/-0.00 answer_site=-0.12/-0.12
  row 24: line1=+0.00/+0.00 line2=+0.00/+0.00 line3=+0.00/+0.00 line4=+0.00/+0.00 line5=+0.11/-0.00 line6=-0.01/-0.00 line7=-0.01/+0.00 line8=+0.11/+0.12 line9=+0.11/-0.00 headers=+0.00/+0.00 definitions=+0.00/+0.00 system=+0.11/+0.00 question=+0.12/+0.12 answer_instr=+0.12/+0.00 asst_header=-0.00/+0.00 answer_site=-0.12/-0.12
  row 25: line1=+0.00/+0.00 line2=+0.00/+0.00 line3=+0.00/+0.00 line4=+0.00/+0.00 line5=+0.11/-0.00 line6=+0.11/-0.00 line7=+0.12/-0.01 line8=+0.11/+0.00 line9=+0.11/+0.00 headers=+0.00/+0.00 definitions=+0.00/+0.00 system=+0.11/+0.00 question=+0.12/+0.00 answer_instr=+0.12/+0.12 asst_header=+0.11/+0.00 answer_site=-0.12/-0.24
  row 26: line1=+0.00/+0.00 line2=+0.00/+0.00 line3=+0.00/+0.00 line4=+0.00/+0.00 line5=+0.00/+0.00 line6=+0.00/+0.00 line7=+0.12/-0.00 line8=-0.00/-0.12 line9=+0.00/+0.12 headers=+0.00/+0.00 definitions=+0.00/+0.00 system=+0.00/-0.12 question=+0.12/+0.00 answer_instr=+0.11/+0.12 asst_header=+0.11/-0.12 answer_site=-0.00/-0.12
  row 27: line1=+0.00/+0.00 line2=+0.00/+0.00 line3=+0.00/+0.00 line4=+0.00/+0.00 line5=-0.00/+0.00 line6=+0.00/+0.00 line7=-0.00/+0.00 line8=-0.00/+0.00 line9=-0.00/+0.00 headers=+0.00/+0.00 definitions=+0.00/+0.00 system=-0.00/+0.00 question=-0.00/-0.00 answer_instr=-0.00/+0.00 asst_header=-0.00/+0.00 answer_site=-0.00/-0.12
  row 28: line1=+0.00/+0.00 line2=+0.00/+0.00 line3=+0.00/+0.00 line4=+0.00/+0.00 line5=+0.00/+0.00 line6=+0.00/+0.00 line7=+0.00/+0.00 line8=+0.00/+0.00 line9=+0.00/+0.00 headers=+0.00/+0.00 definitions=+0.00/+0.00 system=+0.00/+0.00 question=+0.00/+0.00 answer_instr=+0.00/+0.00 asst_header=+0.00/+0.00 answer_site=-0.12/-0.12
CDIM cf6: R (S -> C) and D (C -> S) ...
  row 00: line1=+0.00/+0.00 line2=+0.00/+0.00 line3=+0.00/+0.00 line4=+0.00/+0.00 line5=+0.00/+0.00 line6=-0.48/-0.48 line7=+0.00/+0.00 line8=+0.00/+0.00 line9=+0.00/+0.00 headers=+0.00/+0.00 definitions=+0.00/+0.00 system=-0.48/-0.48 question=+0.00/+0.00 answer_instr=+0.00/+0.00 asst_header=+0.00/+0.00 answer_site=+0.00/+0.00
  row 01: line1=+0.00/+0.00 line2=+0.00/+0.00 line3=+0.00/+0.00 line4=+0.00/+0.00 line5=+0.00/+0.00 line6=-0.36/-0.61 line7=+0.01/+0.01 line8=+0.01/+0.12 line9=+0.01/+0.12 headers=+0.00/+0.00 definitions=+0.00/+0.00 system=-0.60/-0.49 question=+0.00/+0.00 answer_instr=+0.01/+0.01 asst_header=+0.01/-0.01 answer_site=+0.01/+0.12
  row 02: line1=+0.00/+0.00 line2=+0.00/+0.00 line3=+0.00/+0.00 line4=+0.00/+0.00 line5=+0.00/+0.00 line6=-0.48/-0.37 line7=+0.00/-0.00 line8=-0.00/+0.12 line9=-0.12/-0.01 headers=+0.00/+0.00 definitions=+0.00/+0.00 system=-0.60/-0.37 question=-0.12/+0.12 answer_instr=-0.12/+0.01 asst_header=+0.01/+0.12 answer_site=+0.00/+0.00
  row 03: line1=+0.00/+0.00 line2=+0.00/+0.00 line3=+0.00/+0.00 line4=+0.00/+0.00 line5=+0.00/+0.00 line6=-0.48/-0.48 line7=-0.00/+0.12 line8=+0.01/+0.12 line9=-0.12/+0.00 headers=+0.00/+0.00 definitions=+0.00/+0.00 system=-0.60/-0.49 question=+0.01/+0.00 answer_instr=+0.01/+0.00 asst_header=-0.00/+0.12 answer_site=-0.12/+0.01
  row 04: line1=+0.00/+0.00 line2=+0.00/+0.00 line3=+0.00/+0.00 line4=+0.00/+0.00 line5=+0.00/+0.00 line6=-0.48/-0.49 line7=+0.01/+0.12 line8=+0.12/+0.12 line9=+0.01/+0.00 headers=+0.00/+0.00 definitions=+0.00/+0.00 system=-0.60/-0.48 question=+0.00/+0.12 answer_instr=+0.01/-0.00 asst_header=+0.01/+0.00 answer_site=-0.00/+0.12
  row 05: line1=+0.00/+0.00 line2=+0.00/+0.00 line3=+0.00/+0.00 line4=+0.00/+0.00 line5=+0.00/+0.00 line6=-0.48/-0.48 line7=+0.01/+0.12 line8=+0.00/-0.12 line9=+0.01/+0.12 headers=+0.00/+0.00 definitions=+0.00/+0.00 system=-0.60/-0.48 question=-0.00/+0.00 answer_instr=+0.01/+0.01 asst_header=+0.00/+0.12 answer_site=-0.12/+0.00
  row 06: line1=+0.00/+0.00 line2=+0.00/+0.00 line3=+0.00/+0.00 line4=+0.00/+0.00 line5=+0.00/+0.00 line6=-0.48/-0.36 line7=-0.12/+0.12 line8=+0.01/+0.12 line9=-0.12/+0.00 headers=+0.00/+0.00 definitions=+0.00/+0.00 system=-0.60/-0.48 question=+0.00/-0.00 answer_instr=+0.01/-0.00 asst_header=+0.01/+0.12 answer_site=-0.00/-0.01
  row 07: line1=+0.00/+0.00 line2=+0.00/+0.00 line3=+0.00/+0.00 line4=+0.00/+0.00 line5=+0.00/+0.00 line6=-0.61/-0.37 line7=+0.01/+0.00 line8=+0.01/+0.12 line9=+0.01/+0.01 headers=+0.00/+0.00 definitions=+0.00/+0.00 system=-0.48/-0.48 question=+0.01/+0.12 answer_instr=+0.01/+0.12 asst_header=-0.00/+0.00 answer_site=+0.01/+0.12
  row 08: line1=+0.00/+0.00 line2=+0.00/+0.00 line3=+0.00/+0.00 line4=+0.00/+0.00 line5=+0.00/+0.00 line6=-0.61/-0.49 line7=+0.00/+0.13 line8=+0.12/+0.12 line9=+0.01/+0.12 headers=+0.00/+0.00 definitions=+0.00/+0.00 system=-0.60/-0.48 question=+0.01/+0.12 answer_instr=+0.00/+0.12 asst_header=+0.01/+0.12 answer_site=+0.01/+0.12
  row 09: line1=+0.00/+0.00 line2=+0.00/+0.00 line3=+0.00/+0.00 line4=+0.00/+0.00 line5=+0.00/+0.00 line6=-0.24/-0.24 line7=-0.12/-0.12 line8=-0.12/+0.12 line9=-0.12/-0.00 headers=+0.00/+0.00 definitions=+0.00/+0.00 system=-0.48/-0.48 question=+0.00/+0.00 answer_instr=+0.01/+0.12 asst_header=-0.00/+0.00 answer_site=-0.00/+0.12
  row 10: line1=+0.00/+0.00 line2=+0.00/+0.00 line3=+0.00/+0.00 line4=+0.00/+0.00 line5=+0.00/+0.00 line6=-0.24/-0.12 line7=-0.12/+0.00 line8=+0.00/+0.01 line9=-0.00/+0.00 headers=+0.00/+0.00 definitions=+0.00/+0.00 system=-0.24/-0.36 question=-0.12/+0.00 answer_instr=+0.01/+0.00 asst_header=+0.00/+0.00 answer_site=+0.01/-0.01
  row 11: line1=+0.00/+0.00 line2=+0.00/+0.00 line3=+0.00/+0.00 line4=+0.00/+0.00 line5=+0.00/+0.00 line6=-0.12/-0.12 line7=-0.12/-0.12 line8=-0.00/-0.00 line9=-0.00/+0.00 headers=+0.00/+0.00 definitions=+0.00/+0.00 system=-0.36/-0.24 question=-0.12/+0.00 answer_instr=+0.01/+0.12 asst_header=+0.00/+0.00 answer_site=+0.00/+0.12
  row 12: line1=+0.00/+0.00 line2=+0.00/+0.00 line3=+0.00/+0.00 line4=+0.00/+0.00 line5=+0.00/+0.00 line6=+0.00/+0.00 line7=-0.24/-0.12 line8=+0.01/-0.00 line9=-0.12/+0.00 headers=+0.00/+0.00 definitions=+0.00/+0.00 system=-0.24/-0.24 question=-0.12/+0.00 answer_instr=+0.12/+0.00 asst_header=+0.00/+0.00 answer_site=+0.00/+0.00
  row 13: line1=+0.00/+0.00 line2=+0.00/+0.00 line3=+0.00/+0.00 line4=+0.00/+0.00 line5=+0.00/+0.00 line6=-0.12/+0.12 line7=-0.00/+0.00 line8=-0.00/+0.00 line9=+0.00/+0.00 headers=+0.00/+0.00 definitions=+0.00/+0.00 system=-0.12/-0.12 question=-0.24/-0.01 answer_instr=-0.00/+0.00 asst_header=+0.00/+0.00 answer_site=-0.12/-0.01
  row 14: line1=+0.00/+0.00 line2=+0.00/+0.00 line3=+0.00/+0.00 line4=+0.00/+0.00 line5=+0.00/+0.00 line6=-0.00/+0.00 line7=+0.01/+0.00 line8=-0.00/-0.00 line9=+0.01/+0.12 headers=+0.00/+0.00 definitions=+0.00/+0.00 system=-0.00/+0.00 question=+0.13/+0.01 answer_instr=+0.01/+0.12 asst_header=-0.12/-0.00 answer_site=-0.12/-0.12
  row 15: line1=+0.00/+0.00 line2=+0.00/+0.00 line3=+0.00/+0.00 line4=+0.00/+0.00 line5=+0.00/+0.00 line6=-0.00/+0.00 line7=+0.01/-0.00 line8=+0.00/+0.00 line9=+0.01/+0.00 headers=+0.00/+0.00 definitions=+0.00/+0.00 system=-0.00/-0.00 question=-0.12/+0.00 answer_instr=+0.01/-0.00 asst_header=-0.12/+0.00 answer_site=-0.24/-0.11
  row 16: line1=+0.00/+0.00 line2=+0.00/+0.00 line3=+0.00/+0.00 line4=+0.00/+0.00 line5=+0.00/+0.00 line6=+0.01/-0.00 line7=+0.01/+0.00 line8=+0.01/+0.00 line9=+0.12/-0.01 headers=+0.00/+0.00 definitions=+0.00/+0.00 system=+0.01/+0.00 question=-0.00/+0.00 answer_instr=-0.00/+0.00 asst_header=-0.12/-0.11 answer_site=-0.37/-0.37
  row 17: line1=+0.00/+0.00 line2=+0.00/+0.00 line3=+0.00/+0.00 line4=+0.00/+0.00 line5=+0.00/+0.00 line6=+0.01/+0.00 line7=-0.00/+0.00 line8=+0.01/+0.00 line9=+0.01/-0.00 headers=+0.00/+0.00 definitions=+0.00/+0.00 system=+0.01/+0.00 question=-0.00/+0.00 answer_instr=+0.01/+0.12 asst_header=-0.12/-0.11 answer_site=-0.49/-0.37
  row 18: line1=+0.00/+0.00 line2=+0.00/+0.00 line3=+0.00/+0.00 line4=+0.00/+0.00 line5=+0.00/+0.00 line6=-0.00/+0.12 line7=+0.01/+0.12 line8=-0.00/+0.00 line9=-0.00/-0.00 headers=+0.00/+0.00 definitions=+0.00/+0.00 system=+0.01/+0.12 question=+0.01/-0.00 answer_instr=-0.00/+0.12 asst_header=-0.11/-0.12 answer_site=-0.48/-0.37
  row 19: line1=+0.00/+0.00 line2=+0.00/+0.00 line3=+0.00/+0.00 line4=+0.00/+0.00 line5=+0.00/+0.00 line6=+0.00/+0.00 line7=-0.00/+0.12 line8=-0.00/+0.00 line9=-0.00/+0.12 headers=+0.00/+0.00 definitions=+0.00/+0.00 system=+0.01/+0.00 question=-0.00/-0.00 answer_instr=-0.00/+0.12 asst_header=+0.00/-0.12 answer_site=-0.49/-0.37
  row 20: line1=+0.00/+0.00 line2=+0.00/+0.00 line3=+0.00/+0.00 line4=+0.00/+0.00 line5=+0.00/+0.00 line6=-0.00/+0.00 line7=+0.00/-0.01 line8=+0.01/+0.12 line9=-0.00/+0.00 headers=+0.00/+0.00 definitions=+0.00/+0.00 system=+0.01/+0.12 question=+0.00/+0.00 answer_instr=-0.00/+0.12 asst_header=-0.12/-0.12 answer_site=-0.49/-0.49
  row 21: line1=+0.00/+0.00 line2=+0.00/+0.00 line3=+0.00/+0.00 line4=+0.00/+0.00 line5=+0.00/+0.00 line6=+0.01/+0.00 line7=+0.00/+0.12 line8=+0.00/-0.01 line9=-0.00/+0.00 headers=+0.00/+0.00 definitions=+0.00/+0.00 system=-0.00/+0.12 question=+0.00/+0.00 answer_instr=-0.00/+0.00 asst_header=-0.12/-0.12 answer_site=-0.49/-0.37
  row 22: line1=+0.00/+0.00 line2=+0.00/+0.00 line3=+0.00/+0.00 line4=+0.00/+0.00 line5=+0.00/+0.00 line6=+0.00/+0.12 line7=-0.00/-0.00 line8=+0.00/+0.12 line9=+0.00/+0.00 headers=+0.00/+0.00 definitions=+0.00/+0.00 system=+0.00/+0.00 question=+0.00/+0.00 answer_instr=+0.00/+0.12 asst_header=-0.12/-0.12 answer_site=-0.49/-0.37
  row 23: line1=+0.00/+0.00 line2=+0.00/+0.00 line3=+0.00/+0.00 line4=+0.00/+0.00 line5=+0.00/+0.00 line6=+0.00/+0.00 line7=+0.00/+0.12 line8=-0.00/+0.00 line9=+0.01/+0.00 headers=+0.00/+0.00 definitions=+0.00/+0.00 system=-0.00/+0.00 question=+0.01/+0.00 answer_instr=+0.00/+0.00 asst_header=-0.12/-0.12 answer_site=-0.49/-0.49
  row 24: line1=+0.00/+0.00 line2=+0.00/+0.00 line3=+0.00/+0.00 line4=+0.00/+0.00 line5=+0.00/+0.00 line6=+0.00/+0.00 line7=-0.00/+0.00 line8=-0.00/-0.00 line9=+0.01/-0.00 headers=+0.00/+0.00 definitions=+0.00/+0.00 system=-0.00/+0.00 question=-0.00/+0.00 answer_instr=-0.00/-0.00 asst_header=-0.12/-0.12 answer_site=-0.48/-0.49
  row 25: line1=+0.00/+0.00 line2=+0.00/+0.00 line3=+0.00/+0.00 line4=+0.00/+0.00 line5=+0.00/+0.00 line6=+0.01/+0.12 line7=-0.00/+0.00 line8=-0.00/-0.00 line9=+0.00/-0.00 headers=+0.00/+0.00 definitions=+0.00/+0.00 system=-0.00/-0.12 question=+0.00/+0.00 answer_instr=+0.00/+0.00 asst_header=-0.00/+0.00 answer_site=-0.48/-0.36
  row 26: line1=+0.00/+0.00 line2=+0.00/+0.00 line3=+0.00/+0.00 line4=+0.00/+0.00 line5=+0.00/+0.00 line6=+0.00/+0.00 line7=-0.00/+0.00 line8=+0.00/+0.00 line9=+0.00/-0.12 headers=+0.00/+0.00 definitions=+0.00/+0.00 system=-0.00/-0.00 question=+0.00/+0.00 answer_instr=-0.00/-0.01 asst_header=-0.12/-0.00 answer_site=-0.48/-0.48
  row 27: line1=+0.00/+0.00 line2=+0.00/+0.00 line3=+0.00/+0.00 line4=+0.00/+0.00 line5=+0.00/+0.00 line6=+0.00/+0.12 line7=+0.00/+0.00 line8=-0.00/+0.00 line9=+0.00/+0.00 headers=+0.00/+0.00 definitions=+0.00/+0.00 system=+0.01/-0.00 question=+0.00/+0.00 answer_instr=+0.00/+0.00 asst_header=-0.00/+0.00 answer_site=-0.48/-0.48
  row 28: line1=+0.00/+0.00 line2=+0.00/+0.00 line3=+0.00/+0.00 line4=+0.00/+0.00 line5=+0.00/+0.00 line6=+0.00/+0.00 line7=+0.00/+0.00 line8=+0.00/+0.00 line9=+0.00/+0.00 headers=+0.00/+0.00 definitions=+0.00/+0.00 system=+0.00/+0.00 question=+0.00/+0.00 answer_instr=+0.00/+0.00 asst_header=+0.00/+0.00 answer_site=-0.48/-0.48
CDIM cf7: R (S -> C) and D (C -> S) ...
  row 00: line1=+0.00/+0.00 line2=+0.00/+0.00 line3=+0.00/+0.00 line4=+0.00/+0.00 line5=+0.00/+0.00 line6=+0.00/+0.00 line7=+0.62/+0.62 line8=+0.00/+0.00 line9=+0.00/+0.00 headers=+0.00/+0.00 definitions=+0.00/+0.00 system=+0.62/+0.62 question=+0.00/+0.00 answer_instr=+0.00/+0.00 asst_header=+0.00/+0.00 answer_site=+0.00/+0.00
  row 01: line1=+0.00/+0.00 line2=+0.00/+0.00 line3=+0.00/+0.00 line4=+0.00/+0.00 line5=+0.00/+0.00 line6=+0.00/+0.00 line7=+0.63/+0.51 line8=+0.12/-0.01 line9=+0.12/+0.00 headers=+0.00/+0.00 definitions=+0.00/+0.00 system=+0.62/+0.62 question=+0.00/-0.00 answer_instr=+0.12/+0.12 asst_header=-0.00/+0.12 answer_site=-0.00/+0.12
  row 02: line1=+0.00/+0.00 line2=+0.00/+0.00 line3=+0.00/+0.00 line4=+0.00/+0.00 line5=+0.00/+0.00 line6=+0.00/+0.00 line7=+0.50/+0.62 line8=+0.12/+0.12 line9=-0.00/+0.12 headers=+0.00/+0.00 definitions=+0.00/+0.00 system=+0.63/+0.51 question=+0.00/+0.00 answer_instr=+0.00/+0.12 asst_header=+0.00/+0.00 answer_site=-0.00/-0.01
  row 03: line1=+0.00/+0.00 line2=+0.00/+0.00 line3=+0.00/+0.00 line4=+0.00/+0.00 line5=+0.00/+0.00 line6=+0.00/+0.00 line7=+0.74/+0.62 line8=+0.12/+0.12 line9=+0.12/+0.00 headers=+0.00/+0.00 definitions=+0.00/+0.00 system=+0.75/+0.62 question=+0.12/-0.12 answer_instr=+0.12/+0.12 asst_header=+0.01/-0.01 answer_site=-0.00/+0.12
  row 04: line1=+0.00/+0.00 line2=+0.00/+0.00 line3=+0.00/+0.00 line4=+0.00/+0.00 line5=+0.00/+0.00 line6=+0.00/+0.00 line7=+0.63/+0.62 line8=+0.00/+0.12 line9=+0.00/+0.12 headers=+0.00/+0.00 definitions=+0.00/+0.00 system=+0.75/+0.62 question=+0.12/+0.12 answer_instr=+0.12/+0.00 asst_header=-0.00/+0.01 answer_site=-0.00/+0.12
  row 05: line1=+0.00/+0.00 line2=+0.00/+0.00 line3=+0.00/+0.00 line4=+0.00/+0.00 line5=+0.00/+0.00 line6=+0.00/+0.00 line7=+0.74/+0.62 line8=+0.00/+0.12 line9=-0.00/+0.01 headers=+0.00/+0.00 definitions=+0.00/+0.00 system=+0.75/+0.62 question=-0.00/+0.00 answer_instr=+0.12/+0.00 asst_header=-0.00/+0.01 answer_site=+0.00/+0.00
  row 06: line1=+0.00/+0.00 line2=+0.00/+0.00 line3=+0.00/+0.00 line4=+0.00/+0.00 line5=+0.00/+0.00 line6=+0.00/+0.00 line7=+0.74/+0.63 line8=+0.00/+0.00 line9=-0.00/+0.12 headers=+0.00/+0.00 definitions=+0.00/+0.00 system=+0.75/+0.63 question=+0.12/+0.00 answer_instr=+0.00/+0.00 asst_header=+0.12/-0.00 answer_site=+0.12/+0.00
  row 07: line1=+0.00/+0.00 line2=+0.00/+0.00 line3=+0.00/+0.00 line4=+0.00/+0.00 line5=+0.00/+0.00 line6=+0.00/+0.00 line7=+0.74/+0.62 line8=+0.12/-0.12 line9=+0.12/-0.00 headers=+0.00/+0.00 definitions=+0.00/+0.00 system=+0.62/+0.62 question=+0.00/+0.00 answer_instr=-0.00/+0.12 asst_header=+0.00/+0.12 answer_site=-0.00/+0.12
  row 08: line1=+0.00/+0.00 line2=+0.00/+0.00 line3=+0.00/+0.00 line4=+0.00/+0.00 line5=+0.00/+0.00 line6=+0.00/+0.00 line7=+0.76/+0.63 line8=-0.00/-0.12 line9=+0.00/+0.12 headers=+0.00/+0.00 definitions=+0.00/+0.00 system=+0.62/+0.62 question=+0.12/+0.00 answer_instr=+0.12/+0.12 asst_header=+0.00/+0.12 answer_site=+0.12/+0.12
  row 09: line1=+0.00/+0.00 line2=+0.00/+0.00 line3=+0.00/+0.00 line4=+0.00/+0.00 line5=+0.00/+0.00 line6=+0.00/+0.00 line7=+0.86/+0.75 line8=-0.00/-0.12 line9=+0.12/+0.00 headers=+0.00/+0.00 definitions=+0.00/+0.00 system=+0.62/+0.62 question=+0.13/+0.00 answer_instr=+0.00/+0.00 asst_header=+0.12/+0.12 answer_site=+0.12/+0.12
  row 10: line1=+0.00/+0.00 line2=+0.00/+0.00 line3=+0.00/+0.00 line4=+0.00/+0.00 line5=+0.00/+0.00 line6=+0.00/+0.00 line7=+0.51/+0.62 line8=+0.11/+0.12 line9=+0.12/+0.00 headers=+0.00/+0.00 definitions=+0.00/+0.00 system=+0.62/+0.62 question=+0.24/+0.00 answer_instr=+0.12/+0.00 asst_header=+0.00/+0.01 answer_site=+0.12/+0.12
  row 11: line1=+0.00/+0.00 line2=+0.00/+0.00 line3=+0.00/+0.00 line4=+0.00/+0.00 line5=+0.00/+0.00 line6=+0.00/+0.00 line7=+0.38/+0.38 line8=-0.12/-0.12 line9=-0.00/+0.12 headers=+0.00/+0.00 definitions=+0.00/+0.00 system=+0.25/+0.13 question=+0.49/+0.37 answer_instr=+0.00/-0.00 asst_header=+0.00/+0.00 answer_site=+0.12/+0.12
  row 12: line1=+0.00/+0.00 line2=+0.00/+0.00 line3=+0.00/+0.00 line4=+0.00/+0.00 line5=+0.00/+0.00 line6=+0.00/+0.00 line7=+0.37/+0.26 line8=-0.00/-0.12 line9=-0.00/+0.12 headers=+0.00/+0.00 definitions=+0.00/+0.00 system=+0.26/+0.13 question=+0.49/+0.37 answer_instr=+0.00/+0.00 asst_header=+0.01/+0.00 answer_site=+0.12/+0.00
  row 13: line1=+0.00/+0.00 line2=+0.00/+0.00 line3=+0.00/+0.00 line4=+0.00/+0.00 line5=+0.00/+0.00 line6=+0.00/+0.00 line7=+0.24/+0.24 line8=-0.00/+0.00 line9=+0.12/-0.00 headers=+0.00/+0.00 definitions=+0.00/+0.00 system=+0.12/+0.13 question=+0.37/+0.37 answer_instr=+0.00/+0.12 asst_header=+0.00/+0.00 answer_site=+0.12/+0.12
  row 14: line1=+0.00/+0.00 line2=+0.00/+0.00 line3=+0.00/+0.00 line4=+0.00/+0.00 line5=+0.00/+0.00 line6=+0.00/+0.00 line7=+0.12/+0.12 line8=-0.00/+0.12 line9=+0.12/-0.00 headers=+0.00/+0.00 definitions=+0.00/+0.00 system=+0.12/+0.12 question=+0.24/+0.13 answer_instr=+0.00/-0.01 asst_header=+0.24/+0.12 answer_site=+0.26/+0.25
  row 15: line1=+0.00/+0.00 line2=+0.00/+0.00 line3=+0.00/+0.00 line4=+0.00/+0.00 line5=+0.00/+0.00 line6=+0.00/+0.00 line7=+0.12/+0.13 line8=+0.00/+0.12 line9=+0.00/+0.00 headers=+0.00/+0.00 definitions=+0.00/+0.00 system=+0.12/+0.12 question=+0.13/+0.00 answer_instr=+0.12/+0.00 asst_header=+0.12/+0.12 answer_site=+0.50/+0.25
  row 16: line1=+0.00/+0.00 line2=+0.00/+0.00 line3=+0.00/+0.00 line4=+0.00/+0.00 line5=+0.00/+0.00 line6=+0.00/+0.00 line7=+0.12/+0.00 line8=-0.00/+0.12 line9=+0.00/+0.00 headers=+0.00/+0.00 definitions=+0.00/+0.00 system=+0.00/+0.12 question=+0.00/+0.00 answer_instr=-0.00/+0.12 asst_header=+0.25/+0.13 answer_site=+0.61/+0.50
  row 17: line1=+0.00/+0.00 line2=+0.00/+0.00 line3=+0.00/+0.00 line4=+0.00/+0.00 line5=+0.00/+0.00 line6=+0.00/+0.00 line7=+0.12/+0.12 line8=+0.00/+0.00 line9=+0.00/-0.00 headers=+0.00/+0.00 definitions=+0.00/+0.00 system=-0.00/+0.00 question=-0.00/-0.12 answer_instr=+0.12/-0.00 asst_header=+0.12/+0.13 answer_site=+0.61/+0.61
  row 18: line1=+0.00/+0.00 line2=+0.00/+0.00 line3=+0.00/+0.00 line4=+0.00/+0.00 line5=+0.00/+0.00 line6=+0.00/+0.00 line7=+0.00/+0.12 line8=+0.00/+0.00 line9=+0.00/-0.12 headers=+0.00/+0.00 definitions=+0.00/+0.00 system=+0.00/+0.12 question=+0.00/+0.00 answer_instr=-0.00/+0.12 asst_header=+0.13/+0.12 answer_site=+0.50/+0.50
  row 19: line1=+0.00/+0.00 line2=+0.00/+0.00 line3=+0.00/+0.00 line4=+0.00/+0.00 line5=+0.00/+0.00 line6=+0.00/+0.00 line7=-0.00/+0.12 line8=-0.00/+0.00 line9=+0.00/+0.00 headers=+0.00/+0.00 definitions=+0.00/+0.00 system=-0.00/+0.12 question=-0.00/+0.00 answer_instr=-0.00/+0.12 asst_header=+0.13/+0.13 answer_site=+0.74/+0.61
  row 20: line1=+0.00/+0.00 line2=+0.00/+0.00 line3=+0.00/+0.00 line4=+0.00/+0.00 line5=+0.00/+0.00 line6=+0.00/+0.00 line7=+0.00/+0.12 line8=+0.00/+0.00 line9=-0.00/-0.00 headers=+0.00/+0.00 definitions=+0.00/+0.00 system=+0.00/+0.00 question=+0.00/+0.00 answer_instr=-0.00/+0.00 asst_header=+0.12/+0.12 answer_site=+0.61/+0.50
  row 21: line1=+0.00/+0.00 line2=+0.00/+0.00 line3=+0.00/+0.00 line4=+0.00/+0.00 line5=+0.00/+0.00 line6=+0.00/+0.00 line7=+0.00/+0.12 line8=+0.00/+0.00 line9=-0.00/+0.00 headers=+0.00/+0.00 definitions=+0.00/+0.00 system=+0.00/-0.00 question=+0.00/+0.00 answer_instr=+0.00/-0.00 asst_header=+0.13/+0.12 answer_site=+0.74/+0.61
  row 22: line1=+0.00/+0.00 line2=+0.00/+0.00 line3=+0.00/+0.00 line4=+0.00/+0.00 line5=+0.00/+0.00 line6=+0.00/+0.00 line7=-0.00/+0.12 line8=+0.00/+0.12 line9=+0.00/-0.00 headers=+0.00/+0.00 definitions=+0.00/+0.00 system=+0.00/+0.00 question=+0.00/+0.00 answer_instr=+0.00/+0.00 asst_header=+0.13/+0.12 answer_site=+0.50/+0.50
  row 23: line1=+0.00/+0.00 line2=+0.00/+0.00 line3=+0.00/+0.00 line4=+0.00/+0.00 line5=+0.00/+0.00 line6=+0.00/+0.00 line7=-0.00/+0.00 line8=-0.00/+0.00 line9=-0.00/-0.00 headers=+0.00/+0.00 definitions=+0.00/+0.00 system=-0.00/+0.12 question=+0.00/+0.00 answer_instr=-0.00/+0.00 asst_header=+0.13/+0.12 answer_site=+0.50/+0.50
  row 24: line1=+0.00/+0.00 line2=+0.00/+0.00 line3=+0.00/+0.00 line4=+0.00/+0.00 line5=+0.00/+0.00 line6=+0.00/+0.00 line7=-0.00/-0.01 line8=-0.00/-0.00 line9=-0.00/+0.00 headers=+0.00/+0.00 definitions=+0.00/+0.00 system=+0.12/+0.00 question=-0.00/+0.00 answer_instr=-0.00/-0.00 asst_header=+0.00/+0.00 answer_site=+0.62/+0.62
  row 25: line1=+0.00/+0.00 line2=+0.00/+0.00 line3=+0.00/+0.00 line4=+0.00/+0.00 line5=+0.00/+0.00 line6=+0.00/+0.00 line7=-0.00/-0.00 line8=+0.00/+0.00 line9=-0.00/+0.00 headers=+0.00/+0.00 definitions=+0.00/+0.00 system=+0.00/+0.00 question=-0.00/-0.00 answer_instr=+0.00/+0.00 asst_header=+0.00/+0.00 answer_site=+0.62/+0.62
  row 26: line1=+0.00/+0.00 line2=+0.00/+0.00 line3=+0.00/+0.00 line4=+0.00/+0.00 line5=+0.00/+0.00 line6=+0.00/+0.00 line7=-0.00/+0.12 line8=-0.00/-0.00 line9=-0.00/+0.00 headers=+0.00/+0.00 definitions=+0.00/+0.00 system=+0.00/+0.00 question=+0.00/-0.12 answer_instr=+0.00/+0.00 asst_header=+0.00/+0.00 answer_site=+0.62/+0.62
  row 27: line1=+0.00/+0.00 line2=+0.00/+0.00 line3=+0.00/+0.00 line4=+0.00/+0.00 line5=+0.00/+0.00 line6=+0.00/+0.00 line7=+0.00/-0.12 line8=-0.00/-0.12 line9=+0.00/-0.12 headers=+0.00/+0.00 definitions=+0.00/+0.00 system=-0.00/-0.12 question=+0.00/+0.00 answer_instr=-0.00/+0.00 asst_header=+0.00/-0.00 answer_site=+0.62/+0.62
  row 28: line1=+0.00/+0.00 line2=+0.00/+0.00 line3=+0.00/+0.00 line4=+0.00/+0.00 line5=+0.00/+0.00 line6=+0.00/+0.00 line7=+0.00/+0.00 line8=+0.00/+0.00 line9=+0.00/+0.00 headers=+0.00/+0.00 definitions=+0.00/+0.00 system=+0.00/+0.00 question=+0.00/+0.00 answer_instr=+0.00/+0.00 asst_header=+0.00/+0.00 answer_site=+0.62/+0.62
CDIM cf8: R (S -> C) and D (C -> S) ...
  row 00: line1=+0.00/+0.00 line2=+0.00/+0.00 line3=+0.00/+0.00 line4=+0.00/+0.00 line5=+0.00/+0.00 line6=+0.00/+0.00 line7=+0.00/+0.00 line8=-0.12/-0.12 line9=+0.00/+0.00 headers=+0.00/+0.00 definitions=+0.00/+0.00 system=-0.12/-0.12 question=+0.00/+0.00 answer_instr=+0.00/+0.00 asst_header=+0.00/+0.00 answer_site=+0.00/+0.00
  row 01: line1=+0.00/+0.00 line2=+0.00/+0.00 line3=+0.00/+0.00 line4=+0.00/+0.00 line5=+0.00/+0.00 line6=+0.00/+0.00 line7=+0.00/+0.00 line8=-0.25/-0.01 line9=-0.12/+0.01 headers=+0.00/+0.00 definitions=+0.00/+0.00 system=-0.24/+0.00 question=-0.12/+0.12 answer_instr=-0.00/+0.12 asst_header=-0.00/+0.12 answer_site=-0.00/+0.12
  row 02: line1=+0.00/+0.00 line2=+0.00/+0.00 line3=+0.00/+0.00 line4=+0.00/+0.00 line5=+0.00/+0.00 line6=+0.00/+0.00 line7=+0.00/+0.00 line8=-0.25/-0.12 line9=+0.00/+0.12 headers=+0.00/+0.00 definitions=+0.00/+0.00 system=-0.25/-0.01 question=-0.00/+0.12 answer_instr=-0.12/+0.12 asst_header=-0.00/+0.00 answer_site=-0.00/+0.12
  row 03: line1=+0.00/+0.00 line2=+0.00/+0.00 line3=+0.00/+0.00 line4=+0.00/+0.00 line5=+0.00/+0.00 line6=+0.00/+0.00 line7=+0.00/+0.00 line8=-0.24/-0.12 line9=-0.00/+0.12 headers=+0.00/+0.00 definitions=+0.00/+0.00 system=-0.12/-0.00 question=-0.12/-0.12 answer_instr=+0.00/+0.12 asst_header=-0.12/+0.00 answer_site=-0.00/+0.12
  row 04: line1=+0.00/+0.00 line2=+0.00/+0.00 line3=+0.00/+0.00 line4=+0.00/+0.00 line5=+0.00/+0.00 line6=+0.00/+0.00 line7=+0.00/+0.00 line8=-0.13/-0.01 line9=-0.00/+0.12 headers=+0.00/+0.00 definitions=+0.00/+0.00 system=-0.24/-0.00 question=-0.12/+0.00 answer_instr=+0.01/+0.12 asst_header=-0.00/+0.12 answer_site=-0.00/+0.12
  row 05: line1=+0.00/+0.00 line2=+0.00/+0.00 line3=+0.00/+0.00 line4=+0.00/+0.00 line5=+0.00/+0.00 line6=+0.00/+0.00 line7=+0.00/+0.00 line8=-0.24/-0.00 line9=-0.00/+0.01 headers=+0.00/+0.00 definitions=+0.00/+0.00 system=-0.12/-0.12 question=-0.00/+0.00 answer_instr=+0.01/+0.12 asst_header=+0.01/+0.00 answer_site=+0.00/+0.12
  row 06: line1=+0.00/+0.00 line2=+0.00/+0.00 line3=+0.00/+0.00 line4=+0.00/+0.00 line5=+0.00/+0.00 line6=+0.00/+0.00 line7=+0.00/+0.00 line8=-0.12/-0.01 line9=-0.12/+0.00 headers=+0.00/+0.00 definitions=+0.00/+0.00 system=-0.13/-0.00 question=-0.00/-0.12 answer_instr=-0.00/+0.12 asst_header=-0.00/+0.12 answer_site=-0.12/+0.00
  row 07: line1=+0.00/+0.00 line2=+0.00/+0.00 line3=+0.00/+0.00 line4=+0.00/+0.00 line5=+0.00/+0.00 line6=+0.00/+0.00 line7=+0.00/+0.00 line8=-0.12/+0.00 line9=-0.00/+0.00 headers=+0.00/+0.00 definitions=+0.00/+0.00 system=-0.12/-0.12 question=+0.01/+0.12 answer_instr=-0.12/+0.12 asst_header=-0.12/+0.12 answer_site=-0.00/+0.00
  row 08: line1=+0.00/+0.00 line2=+0.00/+0.00 line3=+0.00/+0.00 line4=+0.00/+0.00 line5=+0.00/+0.00 line6=+0.00/+0.00 line7=+0.00/+0.00 line8=-0.12/-0.01 line9=-0.12/+0.00 headers=+0.00/+0.00 definitions=+0.00/+0.00 system=-0.12/-0.12 question=-0.00/+0.12 answer_instr=-0.00/+0.01 asst_header=-0.00/-0.00 answer_site=+0.00/+0.12
  row 09: line1=+0.00/+0.00 line2=+0.00/+0.00 line3=+0.00/+0.00 line4=+0.00/+0.00 line5=+0.00/+0.00 line6=+0.00/+0.00 line7=+0.00/+0.00 line8=-0.00/+0.00 line9=-0.12/-0.00 headers=+0.00/+0.00 definitions=+0.00/+0.00 system=-0.12/-0.01 question=-0.12/+0.12 answer_instr=-0.00/+0.12 asst_header=-0.00/+0.12 answer_site=-0.12/+0.12
  row 10: line1=+0.00/+0.00 line2=+0.00/+0.00 line3=+0.00/+0.00 line4=+0.00/+0.00 line5=+0.00/+0.00 line6=+0.00/+0.00 line7=+0.00/+0.00 line8=-0.12/+0.00 line9=-0.12/-0.12 headers=+0.00/+0.00 definitions=+0.00/+0.00 system=-0.24/-0.12 question=+0.00/+0.00 answer_instr=+0.00/+0.00 asst_header=-0.12/+0.00 answer_site=-0.00/+0.12
  row 11: line1=+0.00/+0.00 line2=+0.00/+0.00 line3=+0.00/+0.00 line4=+0.00/+0.00 line5=+0.00/+0.00 line6=+0.00/+0.00 line7=+0.00/+0.00 line8=-0.12/+0.00 line9=-0.12/+0.00 headers=+0.00/+0.00 definitions=+0.00/+0.00 system=-0.12/-0.12 question=-0.00/+0.00 answer_instr=-0.00/+0.01 asst_header=+0.00/-0.00 answer_site=-0.00/+0.12
  row 12: line1=+0.00/+0.00 line2=+0.00/+0.00 line3=+0.00/+0.00 line4=+0.00/+0.00 line5=+0.00/+0.00 line6=+0.00/+0.00 line7=+0.00/+0.00 line8=-0.12/+0.00 line9=-0.12/+0.00 headers=+0.00/+0.00 definitions=+0.00/+0.00 system=-0.12/-0.12 question=-0.12/+0.00 answer_instr=+0.01/-0.01 asst_header=+0.00/+0.00 answer_site=-0.00/+0.12
  row 13: line1=+0.00/+0.00 line2=+0.00/+0.00 line3=+0.00/+0.00 line4=+0.00/+0.00 line5=+0.00/+0.00 line6=+0.00/+0.00 line7=+0.00/+0.00 line8=-0.12/+0.00 line9=-0.00/-0.00 headers=+0.00/+0.00 definitions=+0.00/+0.00 system=-0.12/-0.01 question=-0.12/-0.01 answer_instr=-0.00/+0.12 asst_header=-0.00/-0.00 answer_site=-0.00/+0.00
  row 14: line1=+0.00/+0.00 line2=+0.00/+0.00 line3=+0.00/+0.00 line4=+0.00/+0.00 line5=+0.00/+0.00 line6=+0.00/+0.00 line7=+0.00/+0.00 line8=+0.00/-0.01 line9=-0.00/-0.01 headers=+0.00/+0.00 definitions=+0.00/+0.00 system=+0.00/+0.00 question=-0.12/-0.00 answer_instr=+0.00/-0.01 asst_header=-0.00/+0.12 answer_site=-0.00/+0.00
  row 15: line1=+0.00/+0.00 line2=+0.00/+0.00 line3=+0.00/+0.00 line4=+0.00/+0.00 line5=+0.00/+0.00 line6=+0.00/+0.00 line7=+0.00/+0.00 line8=+0.00/-0.00 line9=-0.00/-0.00 headers=+0.00/+0.00 definitions=+0.00/+0.00 system=-0.00/+0.00 question=-0.00/+0.00 answer_instr=+0.00/+0.00 asst_header=-0.00/-0.00 answer_site=-0.01/+0.00
  row 16: line1=+0.00/+0.00 line2=+0.00/+0.00 line3=+0.00/+0.00 line4=+0.00/+0.00 line5=+0.00/+0.00 line6=+0.00/+0.00 line7=+0.00/+0.00 line8=-0.12/+0.00 line9=+0.00/+0.00 headers=+0.00/+0.00 definitions=+0.00/+0.00 system=-0.00/-0.00 question=+0.00/+0.00 answer_instr=+0.00/-0.00 asst_header=-0.12/-0.00 answer_site=-0.12/+0.00
  row 17: line1=+0.00/+0.00 line2=+0.00/+0.00 line3=+0.00/+0.00 line4=+0.00/+0.00 line5=+0.00/+0.00 line6=+0.00/+0.00 line7=+0.00/+0.00 line8=+0.00/+0.00 line9=-0.00/-0.00 headers=+0.00/+0.00 definitions=+0.00/+0.00 system=-0.00/+0.00 question=-0.12/-0.00 answer_instr=+0.00/+0.00 asst_header=-0.00/+0.00 answer_site=-0.12/-0.01
  row 18: line1=+0.00/+0.00 line2=+0.00/+0.00 line3=+0.00/+0.00 line4=+0.00/+0.00 line5=+0.00/+0.00 line6=+0.00/+0.00 line7=+0.00/+0.00 line8=+0.00/+0.12 line9=-0.00/+0.00 headers=+0.00/+0.00 definitions=+0.00/+0.00 system=+0.00/+0.00 question=+0.00/-0.12 answer_instr=-0.00/+0.12 asst_header=-0.12/-0.00 answer_site=-0.12/-0.01
  row 19: line1=+0.00/+0.00 line2=+0.00/+0.00 line3=+0.00/+0.00 line4=+0.00/+0.00 line5=+0.00/+0.00 line6=+0.00/+0.00 line7=+0.00/+0.00 line8=+0.00/+0.12 line9=-0.00/-0.00 headers=+0.00/+0.00 definitions=+0.00/+0.00 system=+0.00/+0.00 question=-0.00/+0.00 answer_instr=+0.00/+0.12 asst_header=-0.12/-0.00 answer_site=-0.12/-0.01
  row 20: line1=+0.00/+0.00 line2=+0.00/+0.00 line3=+0.00/+0.00 line4=+0.00/+0.00 line5=+0.00/+0.00 line6=+0.00/+0.00 line7=+0.00/+0.00 line8=-0.00/+0.00 line9=-0.00/+0.00 headers=+0.00/+0.00 definitions=+0.00/+0.00 system=+0.00/+0.12 question=-0.00/+0.00 answer_instr=-0.00/-0.00 asst_header=-0.00/+0.00 answer_site=-0.12/-0.12
  row 21: line1=+0.00/+0.00 line2=+0.00/+0.00 line3=+0.00/+0.00 line4=+0.00/+0.00 line5=+0.00/+0.00 line6=+0.00/+0.00 line7=+0.00/+0.00 line8=-0.00/+0.12 line9=-0.00/-0.00 headers=+0.00/+0.00 definitions=+0.00/+0.00 system=-0.00/+0.00 question=-0.00/+0.00 answer_instr=-0.00/+0.12 asst_header=-0.00/+0.00 answer_site=-0.12/-0.01
  row 22: line1=+0.00/+0.00 line2=+0.00/+0.00 line3=+0.00/+0.00 line4=+0.00/+0.00 line5=+0.00/+0.00 line6=+0.00/+0.00 line7=+0.00/+0.00 line8=-0.00/+0.00 line9=-0.00/+0.00 headers=+0.00/+0.00 definitions=+0.00/+0.00 system=+0.00/+0.00 question=-0.00/-0.00 answer_instr=-0.00/-0.00 asst_header=-0.12/+0.01 answer_site=-0.12/-0.13
  row 23: line1=+0.00/+0.00 line2=+0.00/+0.00 line3=+0.00/+0.00 line4=+0.00/+0.00 line5=+0.00/+0.00 line6=+0.00/+0.00 line7=+0.00/+0.00 line8=+0.00/-0.01 line9=-0.00/+0.00 headers=+0.00/+0.00 definitions=+0.00/+0.00 system=-0.00/-0.12 question=-0.12/+0.00 answer_instr=-0.00/+0.00 asst_header=-0.00/-0.00 answer_site=-0.12/-0.01
  row 24: line1=+0.00/+0.00 line2=+0.00/+0.00 line3=+0.00/+0.00 line4=+0.00/+0.00 line5=+0.00/+0.00 line6=+0.00/+0.00 line7=+0.00/+0.00 line8=+0.00/-0.01 line9=-0.00/-0.00 headers=+0.00/+0.00 definitions=+0.00/+0.00 system=-0.00/+0.12 question=-0.00/+0.00 answer_instr=+0.00/+0.00 asst_header=-0.00/-0.00 answer_site=-0.12/-0.01
  row 25: line1=+0.00/+0.00 line2=+0.00/+0.00 line3=+0.00/+0.00 line4=+0.00/+0.00 line5=+0.00/+0.00 line6=+0.00/+0.00 line7=+0.00/+0.00 line8=-0.00/+0.00 line9=-0.12/+0.00 headers=+0.00/+0.00 definitions=+0.00/+0.00 system=-0.00/+0.00 question=+0.00/-0.12 answer_instr=-0.00/-0.00 asst_header=-0.00/+0.00 answer_site=-0.25/-0.01
  row 26: line1=+0.00/+0.00 line2=+0.00/+0.00 line3=+0.00/+0.00 line4=+0.00/+0.00 line5=+0.00/+0.00 line6=+0.00/+0.00 line7=+0.00/+0.00 line8=+0.00/-0.01 line9=-0.00/+0.12 headers=+0.00/+0.00 definitions=+0.00/+0.00 system=+0.00/-0.00 question=+0.00/+0.00 answer_instr=+0.00/+0.00 asst_header=-0.00/+0.00 answer_site=-0.12/-0.12
  row 27: line1=+0.00/+0.00 line2=+0.00/+0.00 line3=+0.00/+0.00 line4=+0.00/+0.00 line5=+0.00/+0.00 line6=+0.00/+0.00 line7=+0.00/+0.00 line8=+0.00/+0.00 line9=+0.00/+0.00 headers=+0.00/+0.00 definitions=+0.00/+0.00 system=-0.00/+0.00 question=+0.00/+0.12 answer_instr=+0.00/-0.12 asst_header=-0.00/+0.00 answer_site=-0.12/-0.12
  row 28: line1=+0.00/+0.00 line2=+0.00/+0.00 line3=+0.00/+0.00 line4=+0.00/+0.00 line5=+0.00/+0.00 line6=+0.00/+0.00 line7=+0.00/+0.00 line8=+0.00/+0.00 line9=+0.00/+0.00 headers=+0.00/+0.00 definitions=+0.00/+0.00 system=+0.00/+0.00 question=+0.00/+0.00 answer_instr=+0.00/+0.00 asst_header=+0.00/+0.00 answer_site=-0.12/-0.12
CDIM cf9: R (S -> C) and D (C -> S) ...
  row 00: line1=+0.00/+0.00 line2=+0.00/+0.00 line3=+0.00/+0.00 line4=+0.00/+0.00 line5=+0.00/+0.00 line6=+0.00/+0.00 line7=+0.00/+0.00 line8=+0.00/+0.00 line9=+0.50/+0.50 headers=+0.00/+0.00 definitions=+0.00/+0.00 system=+0.50/+0.50 question=+0.00/+0.00 answer_instr=+0.00/+0.00 asst_header=+0.00/+0.00 answer_site=+0.00/+0.00
  row 01: line1=+0.00/+0.00 line2=+0.00/+0.00 line3=+0.00/+0.00 line4=+0.00/+0.00 line5=+0.00/+0.00 line6=+0.00/+0.00 line7=+0.00/+0.00 line8=+0.00/+0.00 line9=+0.38/+0.50 headers=+0.00/+0.00 definitions=+0.00/+0.00 system=+0.38/+0.50 question=+0.01/+0.01 answer_instr=-0.00/+0.12 asst_header=+0.00/+0.12 answer_site=+0.12/+0.12
  row 02: line1=+0.00/+0.00 line2=+0.00/+0.00 line3=+0.00/+0.00 line4=+0.00/+0.00 line5=+0.00/+0.00 line6=+0.00/+0.00 line7=+0.00/+0.00 line8=+0.00/+0.00 line9=+0.50/+0.50 headers=+0.00/+0.00 definitions=+0.00/+0.00 system=+0.50/+0.50 question=-0.00/+0.12 answer_instr=-0.00/+0.12 asst_header=+0.01/+0.12 answer_site=+0.00/+0.00
  row 03: line1=+0.00/+0.00 line2=+0.00/+0.00 line3=+0.00/+0.00 line4=+0.00/+0.00 line5=+0.00/+0.00 line6=+0.00/+0.00 line7=+0.00/+0.00 line8=+0.00/+0.00 line9=+0.50/+0.50 headers=+0.00/+0.00 definitions=+0.00/+0.00 system=+0.50/+0.50 question=+0.00/+0.01 answer_instr=+0.00/+0.12 asst_header=+0.00/+0.12 answer_site=+0.12/+0.12
  row 04: line1=+0.00/+0.00 line2=+0.00/+0.00 line3=+0.00/+0.00 line4=+0.00/+0.00 line5=+0.00/+0.00 line6=+0.00/+0.00 line7=+0.00/+0.00 line8=+0.00/+0.00 line9=+0.50/+0.50 headers=+0.00/+0.00 definitions=+0.00/+0.00 system=+0.50/+0.50 question=+0.12/+0.12 answer_instr=+0.12/-0.00 asst_header=+0.00/+0.00 answer_site=+0.00/+0.12
  row 05: line1=+0.00/+0.00 line2=+0.00/+0.00 line3=+0.00/+0.00 line4=+0.00/+0.00 line5=+0.00/+0.00 line6=+0.00/+0.00 line7=+0.00/+0.00 line8=+0.00/+0.00 line9=+0.51/+0.50 headers=+0.00/+0.00 definitions=+0.00/+0.00 system=+0.51/+0.50 question=+0.12/+0.00 answer_instr=-0.00/+0.01 asst_header=+0.00/+0.12 answer_site=+0.00/+0.12
  row 06: line1=+0.00/+0.00 line2=+0.00/+0.00 line3=+0.00/+0.00 line4=+0.00/+0.00 line5=+0.00/+0.00 line6=+0.00/+0.00 line7=+0.00/+0.00 line8=+0.00/+0.00 line9=+0.26/+0.50 headers=+0.00/+0.00 definitions=+0.00/+0.00 system=+0.26/+0.50 question=+0.00/+0.12 answer_instr=+0.12/+0.12 asst_header=+0.00/+0.12 answer_site=+0.00/+0.00
  row 07: line1=+0.00/+0.00 line2=+0.00/+0.00 line3=+0.00/+0.00 line4=+0.00/+0.00 line5=+0.00/+0.00 line6=+0.00/+0.00 line7=+0.00/+0.00 line8=+0.00/+0.00 line9=+0.50/+0.50 headers=+0.00/+0.00 definitions=+0.00/+0.00 system=+0.50/+0.50 question=+0.00/+0.12 answer_instr=+0.00/+0.12 asst_header=+0.12/+0.00 answer_site=+0.12/+0.12
  row 08: line1=+0.00/+0.00 line2=+0.00/+0.00 line3=+0.00/+0.00 line4=+0.00/+0.00 line5=+0.00/+0.00 line6=+0.00/+0.00 line7=+0.00/+0.00 line8=+0.00/+0.00 line9=+0.50/+0.50 headers=+0.00/+0.00 definitions=+0.00/+0.00 system=+0.50/+0.50 question=+0.00/+0.12 answer_instr=+0.00/+0.00 asst_header=+0.00/+0.00 answer_site=+0.12/-0.01
  row 09: line1=+0.00/+0.00 line2=+0.00/+0.00 line3=+0.00/+0.00 line4=+0.00/+0.00 line5=+0.00/+0.00 line6=+0.00/+0.00 line7=+0.00/+0.00 line8=+0.00/+0.00 line9=+0.37/+0.37 headers=+0.00/+0.00 definitions=+0.00/+0.00 system=+0.37/+0.37 question=+0.13/+0.12 answer_instr=+0.00/+0.00 asst_header=+0.00/+0.12 answer_site=+0.12/+0.12
  row 10: line1=+0.00/+0.00 line2=+0.00/+0.00 line3=+0.00/+0.00 line4=+0.00/+0.00 line5=+0.00/+0.00 line6=+0.00/+0.00 line7=+0.00/+0.00 line8=+0.00/+0.00 line9=+0.25/+0.25 headers=+0.00/+0.00 definitions=+0.00/+0.00 system=+0.25/+0.25 question=+0.25/+0.13 answer_instr=+0.00/+0.01 asst_header=+0.01/+0.12 answer_site=+0.12/+0.00
  row 11: line1=+0.00/+0.00 line2=+0.00/+0.00 line3=+0.00/+0.00 line4=+0.00/+0.00 line5=+0.00/+0.00 line6=+0.00/+0.00 line7=+0.00/+0.00 line8=+0.00/+0.00 line9=+0.12/+0.12 headers=+0.00/+0.00 definitions=+0.00/+0.00 system=+0.12/+0.12 question=+0.37/+0.25 answer_instr=+0.12/+0.00 asst_header=+0.01/+0.00 answer_site=+0.00/+0.00
  row 12: line1=+0.00/+0.00 line2=+0.00/+0.00 line3=+0.00/+0.00 line4=+0.00/+0.00 line5=+0.00/+0.00 line6=+0.00/+0.00 line7=+0.00/+0.00 line8=+0.00/+0.00 line9=+0.00/-0.00 headers=+0.00/+0.00 definitions=+0.00/+0.00 system=+0.00/-0.00 question=+0.37/+0.13 answer_instr=+0.12/+0.00 asst_header=+0.00/+0.00 answer_site=+0.12/+0.00
  row 13: line1=+0.00/+0.00 line2=+0.00/+0.00 line3=+0.00/+0.00 line4=+0.00/+0.00 line5=+0.00/+0.00 line6=+0.00/+0.00 line7=+0.00/+0.00 line8=+0.00/+0.00 line9=+0.01/-0.00 headers=+0.00/+0.00 definitions=+0.00/+0.00 system=+0.01/-0.00 question=+0.25/+0.12 answer_instr=-0.12/+0.00 asst_header=+0.01/+0.00 answer_site=+0.12/+0.00
  row 14: line1=+0.00/+0.00 line2=+0.00/+0.00 line3=+0.00/+0.00 line4=+0.00/+0.00 line5=+0.00/+0.00 line6=+0.00/+0.00 line7=+0.00/+0.00 line8=+0.00/+0.00 line9=+0.00/+0.00 headers=+0.00/+0.00 definitions=+0.00/+0.00 system=+0.00/+0.00 question=+0.13/+0.00 answer_instr=+0.00/+0.12 asst_header=+0.12/+0.00 answer_site=+0.12/+0.13
  row 15: line1=+0.00/+0.00 line2=+0.00/+0.00 line3=+0.00/+0.00 line4=+0.00/+0.00 line5=+0.00/+0.00 line6=+0.00/+0.00 line7=+0.00/+0.00 line8=+0.00/+0.00 line9=+0.01/-0.00 headers=+0.00/+0.00 definitions=+0.00/+0.00 system=+0.01/-0.00 question=+0.13/+0.00 answer_instr=+0.00/+0.00 asst_header=+0.01/+0.00 answer_site=+0.13/+0.25
  row 16: line1=+0.00/+0.00 line2=+0.00/+0.00 line3=+0.00/+0.00 line4=+0.00/+0.00 line5=+0.00/+0.00 line6=+0.00/+0.00 line7=+0.00/+0.00 line8=+0.00/+0.00 line9=+0.00/+0.00 headers=+0.00/+0.00 definitions=+0.00/+0.00 system=+0.00/+0.00 question=+0.12/+0.01 answer_instr=+0.00/+0.00 asst_header=+0.12/+0.12 answer_site=+0.37/+0.37
  row 17: line1=+0.00/+0.00 line2=+0.00/+0.00 line3=+0.00/+0.00 line4=+0.00/+0.00 line5=+0.00/+0.00 line6=+0.00/+0.00 line7=+0.00/+0.00 line8=+0.00/+0.00 line9=+0.12/+0.01 headers=+0.00/+0.00 definitions=+0.00/+0.00 system=+0.12/+0.01 question=-0.00/+0.00 answer_instr=+0.00/+0.12 asst_header=+0.12/+0.12 answer_site=+0.50/+0.37
  row 18: line1=+0.00/+0.00 line2=+0.00/+0.00 line3=+0.00/+0.00 line4=+0.00/+0.00 line5=+0.00/+0.00 line6=+0.00/+0.00 line7=+0.00/+0.00 line8=+0.00/+0.00 line9=+0.12/+0.12 headers=+0.00/+0.00 definitions=+0.00/+0.00 system=+0.12/+0.12 question=+0.00/+0.00 answer_instr=-0.00/+0.12 asst_header=+0.12/+0.12 answer_site=+0.37/+0.37
  row 19: line1=+0.00/+0.00 line2=+0.00/+0.00 line3=+0.00/+0.00 line4=+0.00/+0.00 line5=+0.00/+0.00 line6=+0.00/+0.00 line7=+0.00/+0.00 line8=+0.00/+0.00 line9=+0.00/+0.00 headers=+0.00/+0.00 definitions=+0.00/+0.00 system=+0.00/+0.00 question=+0.00/+0.00 answer_instr=-0.00/-0.01 asst_header=+0.12/+0.12 answer_site=+0.37/+0.25
  row 20: line1=+0.00/+0.00 line2=+0.00/+0.00 line3=+0.00/+0.00 line4=+0.00/+0.00 line5=+0.00/+0.00 line6=+0.00/+0.00 line7=+0.00/+0.00 line8=+0.00/+0.00 line9=+0.12/+0.00 headers=+0.00/+0.00 definitions=+0.00/+0.00 system=+0.12/+0.00 question=+0.12/+0.00 answer_instr=+0.00/+0.12 asst_header=+0.13/+0.12 answer_site=+0.37/+0.37
  row 21: line1=+0.00/+0.00 line2=+0.00/+0.00 line3=+0.00/+0.00 line4=+0.00/+0.00 line5=+0.00/+0.00 line6=+0.00/+0.00 line7=+0.00/+0.00 line8=+0.00/+0.00 line9=+0.12/+0.00 headers=+0.00/+0.00 definitions=+0.00/+0.00 system=+0.12/+0.00 question=+0.00/+0.00 answer_instr=+0.00/-0.00 asst_header=+0.12/+0.12 answer_site=+0.37/+0.26
  row 22: line1=+0.00/+0.00 line2=+0.00/+0.00 line3=+0.00/+0.00 line4=+0.00/+0.00 line5=+0.00/+0.00 line6=+0.00/+0.00 line7=+0.00/+0.00 line8=+0.00/+0.00 line9=+0.12/+0.00 headers=+0.00/+0.00 definitions=+0.00/+0.00 system=+0.12/+0.00 question=+0.00/+0.00 answer_instr=+0.00/+0.12 asst_header=+0.12/+0.00 answer_site=+0.37/+0.37
  row 23: line1=+0.00/+0.00 line2=+0.00/+0.00 line3=+0.00/+0.00 line4=+0.00/+0.00 line5=+0.00/+0.00 line6=+0.00/+0.00 line7=+0.00/+0.00 line8=+0.00/+0.00 line9=+0.12/-0.12 headers=+0.00/+0.00 definitions=+0.00/+0.00 system=+0.12/-0.12 question=+0.00/+0.12 answer_instr=+0.12/-0.00 asst_header=+0.13/+0.12 answer_site=+0.37/+0.38
  row 24: line1=+0.00/+0.00 line2=+0.00/+0.00 line3=+0.00/+0.00 line4=+0.00/+0.00 line5=+0.00/+0.00 line6=+0.00/+0.00 line7=+0.00/+0.00 line8=+0.00/+0.00 line9=+0.00/-0.00 headers=+0.00/+0.00 definitions=+0.00/+0.00 system=+0.00/-0.00 question=+0.00/+0.00 answer_instr=+0.00/+0.00 asst_header=+0.12/+0.00 answer_site=+0.50/+0.37
  row 25: line1=+0.00/+0.00 line2=+0.00/+0.00 line3=+0.00/+0.00 line4=+0.00/+0.00 line5=+0.00/+0.00 line6=+0.00/+0.00 line7=+0.00/+0.00 line8=+0.00/+0.00 line9=+0.00/+0.00 headers=+0.00/+0.00 definitions=+0.00/+0.00 system=+0.00/+0.00 question=+0.00/+0.00 answer_instr=-0.00/+0.12 asst_header=+0.13/+0.12 answer_site=+0.38/+0.37
  row 26: line1=+0.00/+0.00 line2=+0.00/+0.00 line3=+0.00/+0.00 line4=+0.00/+0.00 line5=+0.00/+0.00 line6=+0.00/+0.00 line7=+0.00/+0.00 line8=+0.00/+0.00 line9=+0.00/+0.00 headers=+0.00/+0.00 definitions=+0.00/+0.00 system=+0.00/+0.00 question=+0.00/+0.12 answer_instr=-0.00/+0.12 asst_header=+0.00/+0.12 answer_site=+0.50/+0.37
  row 27: line1=+0.00/+0.00 line2=+0.00/+0.00 line3=+0.00/+0.00 line4=+0.00/+0.00 line5=+0.00/+0.00 line6=+0.00/+0.00 line7=+0.00/+0.00 line8=+0.00/+0.00 line9=+0.00/+0.00 headers=+0.00/+0.00 definitions=+0.00/+0.00 system=+0.00/+0.00 question=+0.00/+0.00 answer_instr=+0.00/+0.00 asst_header=+0.12/+0.00 answer_site=+0.50/+0.50
  row 28: line1=+0.00/+0.00 line2=+0.00/+0.00 line3=+0.00/+0.00 line4=+0.00/+0.00 line5=+0.00/+0.00 line6=+0.00/+0.00 line7=+0.00/+0.00 line8=+0.00/+0.00 line9=+0.00/+0.00 headers=+0.00/+0.00 definitions=+0.00/+0.00 system=+0.00/+0.00 question=+0.00/+0.00 answer_instr=+0.00/+0.00 asst_header=+0.00/+0.00 answer_site=+0.50/+0.50
CDIM cf9s: R (S -> C) and D (C -> S) ...
  row 00: line1=+0.00/+0.00 line2=+0.00/+0.00 line3=+0.00/+0.00 line4=+0.00/+0.00 line5=+0.00/+0.00 line6=+0.00/+0.00 line7=+0.00/+0.00 line8=+0.00/+0.00 line9=+0.50/+0.50 headers=+0.00/+0.00 definitions=+0.00/+0.00 system=+0.50/+0.50 question=+0.00/+0.00 answer_instr=+0.00/+0.00 asst_header=+0.00/+0.00 answer_site=+0.00/+0.00
  row 01: line1=+0.00/+0.00 line2=+0.00/+0.00 line3=+0.00/+0.00 line4=+0.00/+0.00 line5=+0.00/+0.00 line6=+0.00/+0.00 line7=+0.00/+0.00 line8=+0.00/+0.00 line9=+0.50/+0.50 headers=+0.00/+0.00 definitions=+0.00/+0.00 system=+0.50/+0.50 question=+0.00/+0.12 answer_instr=+0.12/-0.00 asst_header=+0.12/+0.00 answer_site=+0.12/-0.01
  row 02: line1=+0.00/+0.00 line2=+0.00/+0.00 line3=+0.00/+0.00 line4=+0.00/+0.00 line5=+0.00/+0.00 line6=+0.00/+0.00 line7=+0.00/+0.00 line8=+0.00/+0.00 line9=+0.37/+0.50 headers=+0.00/+0.00 definitions=+0.00/+0.00 system=+0.37/+0.50 question=+0.00/+0.12 answer_instr=+0.12/+0.12 asst_header=+0.12/+0.00 answer_site=+0.12/-0.00
  row 03: line1=+0.00/+0.00 line2=+0.00/+0.00 line3=+0.00/+0.00 line4=+0.00/+0.00 line5=+0.00/+0.00 line6=+0.00/+0.00 line7=+0.00/+0.00 line8=+0.00/+0.00 line9=+0.49/+0.38 headers=+0.00/+0.00 definitions=+0.00/+0.00 system=+0.49/+0.38 question=+0.12/+0.12 answer_instr=+0.12/-0.00 asst_header=+0.12/+0.00 answer_site=+0.12/+0.00
  row 04: line1=+0.00/+0.00 line2=+0.00/+0.00 line3=+0.00/+0.00 line4=+0.00/+0.00 line5=+0.00/+0.00 line6=+0.00/+0.00 line7=+0.00/+0.00 line8=+0.00/+0.00 line9=+0.37/+0.38 headers=+0.00/+0.00 definitions=+0.00/+0.00 system=+0.37/+0.38 question=+0.12/+0.01 answer_instr=+0.00/-0.12 asst_header=+0.00/+0.12 answer_site=+0.12/+0.12
  row 05: line1=+0.00/+0.00 line2=+0.00/+0.00 line3=+0.00/+0.00 line4=+0.00/+0.00 line5=+0.00/+0.00 line6=+0.00/+0.00 line7=+0.00/+0.00 line8=+0.00/+0.00 line9=+0.49/+0.38 headers=+0.00/+0.00 definitions=+0.00/+0.00 system=+0.49/+0.38 question=+0.12/+0.01 answer_instr=+0.00/+0.00 asst_header=+0.11/+0.00 answer_site=+0.12/+0.00
  row 06: line1=+0.00/+0.00 line2=+0.00/+0.00 line3=+0.00/+0.00 line4=+0.00/+0.00 line5=+0.00/+0.00 line6=+0.00/+0.00 line7=+0.00/+0.00 line8=+0.00/+0.00 line9=+0.37/+0.38 headers=+0.00/+0.00 definitions=+0.00/+0.00 system=+0.37/+0.38 question=+0.12/+0.00 answer_instr=+0.12/+0.12 asst_header=+0.00/+0.00 answer_site=+0.12/+0.00
  row 07: line1=+0.00/+0.00 line2=+0.00/+0.00 line3=+0.00/+0.00 line4=+0.00/+0.00 line5=+0.00/+0.00 line6=+0.00/+0.00 line7=+0.00/+0.00 line8=+0.00/+0.00 line9=+0.50/+0.37 headers=+0.00/+0.00 definitions=+0.00/+0.00 system=+0.50/+0.37 question=+0.00/+0.12 answer_instr=+0.12/+0.12 asst_header=+0.00/+0.00 answer_site=+0.12/+0.00
  row 08: line1=+0.00/+0.00 line2=+0.00/+0.00 line3=+0.00/+0.00 line4=+0.00/+0.00 line5=+0.00/+0.00 line6=+0.00/+0.00 line7=+0.00/+0.00 line8=+0.00/+0.00 line9=+0.37/+0.37 headers=+0.00/+0.00 definitions=+0.00/+0.00 system=+0.37/+0.37 question=+0.12/+0.01 answer_instr=+0.12/+0.00 asst_header=+0.24/+0.00 answer_site=+0.12/+0.12
  row 09: line1=+0.00/+0.00 line2=+0.00/+0.00 line3=+0.00/+0.00 line4=+0.00/+0.00 line5=+0.00/+0.00 line6=+0.00/+0.00 line7=+0.00/+0.00 line8=+0.00/+0.00 line9=+0.37/+0.25 headers=+0.00/+0.00 definitions=+0.00/+0.00 system=+0.37/+0.25 question=+0.12/+0.12 answer_instr=+0.12/-0.12 asst_header=+0.00/+0.12 answer_site=+0.12/+0.12
  row 10: line1=+0.00/+0.00 line2=+0.00/+0.00 line3=+0.00/+0.00 line4=+0.00/+0.00 line5=+0.00/+0.00 line6=+0.00/+0.00 line7=+0.00/+0.00 line8=+0.00/+0.00 line9=+0.24/+0.13 headers=+0.00/+0.00 definitions=+0.00/+0.00 system=+0.24/+0.13 question=+0.13/+0.12 answer_instr=-0.00/+0.13 asst_header=+0.12/+0.00 answer_site=+0.12/+0.00
  row 11: line1=+0.00/+0.00 line2=+0.00/+0.00 line3=+0.00/+0.00 line4=+0.00/+0.00 line5=+0.00/+0.00 line6=+0.00/+0.00 line7=+0.00/+0.00 line8=+0.00/+0.00 line9=+0.12/+0.00 headers=+0.00/+0.00 definitions=+0.00/+0.00 system=+0.12/+0.00 question=+0.37/+0.25 answer_instr=+0.12/+0.00 asst_header=+0.12/+0.00 answer_site=+0.12/+0.12
  row 12: line1=+0.00/+0.00 line2=+0.00/+0.00 line3=+0.00/+0.00 line4=+0.00/+0.00 line5=+0.00/+0.00 line6=+0.00/+0.00 line7=+0.00/+0.00 line8=+0.00/+0.00 line9=+0.12/-0.00 headers=+0.00/+0.00 definitions=+0.00/+0.00 system=+0.12/-0.00 question=+0.24/+0.13 answer_instr=+0.12/-0.00 asst_header=-0.01/+0.00 answer_site=+0.00/+0.12
  row 13: line1=+0.00/+0.00 line2=+0.00/+0.00 line3=+0.00/+0.00 line4=+0.00/+0.00 line5=+0.00/+0.00 line6=+0.00/+0.00 line7=+0.00/+0.00 line8=+0.00/+0.00 line9=-0.00/+0.00 headers=+0.00/+0.00 definitions=+0.00/+0.00 system=-0.00/+0.00 question=+0.00/-0.00 answer_instr=+0.12/-0.00 asst_header=+0.13/+0.00 answer_site=-0.00/+0.01
  row 14: line1=+0.00/+0.00 line2=+0.00/+0.00 line3=+0.00/+0.00 line4=+0.00/+0.00 line5=+0.00/+0.00 line6=+0.00/+0.00 line7=+0.00/+0.00 line8=+0.00/+0.00 line9=-0.00/+0.00 headers=+0.00/+0.00 definitions=+0.00/+0.00 system=-0.00/+0.00 question=-0.01/+0.12 answer_instr=+0.00/+0.12 asst_header=+0.12/+0.12 answer_site=+0.25/+0.13
  row 15: line1=+0.00/+0.00 line2=+0.00/+0.00 line3=+0.00/+0.00 line4=+0.00/+0.00 line5=+0.00/+0.00 line6=+0.00/+0.00 line7=+0.00/+0.00 line8=+0.00/+0.00 line9=+0.00/+0.00 headers=+0.00/+0.00 definitions=+0.00/+0.00 system=+0.00/+0.00 question=+0.12/+0.12 answer_instr=+0.12/+0.00 asst_header=-0.01/+0.00 answer_site=+0.13/+0.13
  row 16: line1=+0.00/+0.00 line2=+0.00/+0.00 line3=+0.00/+0.00 line4=+0.00/+0.00 line5=+0.00/+0.00 line6=+0.00/+0.00 line7=+0.00/+0.00 line8=+0.00/+0.00 line9=-0.00/+0.00 headers=+0.00/+0.00 definitions=+0.00/+0.00 system=-0.00/+0.00 question=+0.12/+0.12 answer_instr=-0.00/+0.00 asst_header=+0.24/+0.00 answer_site=+0.37/+0.37
  row 17: line1=+0.00/+0.00 line2=+0.00/+0.00 line3=+0.00/+0.00 line4=+0.00/+0.00 line5=+0.00/+0.00 line6=+0.00/+0.00 line7=+0.00/+0.00 line8=+0.00/+0.00 line9=-0.00/+0.00 headers=+0.00/+0.00 definitions=+0.00/+0.00 system=-0.00/+0.00 question=+0.00/-0.12 answer_instr=+0.00/+0.00 asst_header=+0.12/+0.12 answer_site=+0.37/+0.37
  row 18: line1=+0.00/+0.00 line2=+0.00/+0.00 line3=+0.00/+0.00 line4=+0.00/+0.00 line5=+0.00/+0.00 line6=+0.00/+0.00 line7=+0.00/+0.00 line8=+0.00/+0.00 line9=+0.00/+0.00 headers=+0.00/+0.00 definitions=+0.00/+0.00 system=+0.00/+0.00 question=+0.00/-0.01 answer_instr=-0.00/+0.12 asst_header=+0.24/+0.12 answer_site=+0.37/+0.37
  row 19: line1=+0.00/+0.00 line2=+0.00/+0.00 line3=+0.00/+0.00 line4=+0.00/+0.00 line5=+0.00/+0.00 line6=+0.00/+0.00 line7=+0.00/+0.00 line8=+0.00/+0.00 line9=-0.01/+0.00 headers=+0.00/+0.00 definitions=+0.00/+0.00 system=-0.01/+0.00 question=+0.12/-0.12 answer_instr=-0.01/+0.12 asst_header=+0.12/+0.12 answer_site=+0.37/+0.38
  row 20: line1=+0.00/+0.00 line2=+0.00/+0.00 line3=+0.00/+0.00 line4=+0.00/+0.00 line5=+0.00/+0.00 line6=+0.00/+0.00 line7=+0.00/+0.00 line8=+0.00/+0.00 line9=+0.12/+0.00 headers=+0.00/+0.00 definitions=+0.00/+0.00 system=+0.12/+0.00 question=+0.11/+0.12 answer_instr=+0.12/+0.00 asst_header=+0.24/+0.12 answer_site=+0.49/+0.38
  row 21: line1=+0.00/+0.00 line2=+0.00/+0.00 line3=+0.00/+0.00 line4=+0.00/+0.00 line5=+0.00/+0.00 line6=+0.00/+0.00 line7=+0.00/+0.00 line8=+0.00/+0.00 line9=+0.12/+0.00 headers=+0.00/+0.00 definitions=+0.00/+0.00 system=+0.12/+0.00 question=+0.12/-0.12 answer_instr=+0.11/+0.12 asst_header=+0.12/+0.12 answer_site=+0.49/+0.38
  row 22: line1=+0.00/+0.00 line2=+0.00/+0.00 line3=+0.00/+0.00 line4=+0.00/+0.00 line5=+0.00/+0.00 line6=+0.00/+0.00 line7=+0.00/+0.00 line8=+0.00/+0.00 line9=+0.00/+0.12 headers=+0.00/+0.00 definitions=+0.00/+0.00 system=+0.00/+0.12 question=-0.00/-0.12 answer_instr=+0.12/-0.01 asst_header=+0.24/+0.12 answer_site=+0.49/+0.38
  row 23: line1=+0.00/+0.00 line2=+0.00/+0.00 line3=+0.00/+0.00 line4=+0.00/+0.00 line5=+0.00/+0.00 line6=+0.00/+0.00 line7=+0.00/+0.00 line8=+0.00/+0.00 line9=+0.00/+0.00 headers=+0.00/+0.00 definitions=+0.00/+0.00 system=+0.00/+0.00 question=+0.12/+0.00 answer_instr=+0.12/-0.00 asst_header=+0.12/+0.12 answer_site=+0.49/+0.50
  row 24: line1=+0.00/+0.00 line2=+0.00/+0.00 line3=+0.00/+0.00 line4=+0.00/+0.00 line5=+0.00/+0.00 line6=+0.00/+0.00 line7=+0.00/+0.00 line8=+0.00/+0.00 line9=+0.12/-0.00 headers=+0.00/+0.00 definitions=+0.00/+0.00 system=+0.12/-0.00 question=+0.12/-0.12 answer_instr=+0.12/+0.00 asst_header=+0.12/+0.12 answer_site=+0.49/+0.38
  row 25: line1=+0.00/+0.00 line2=+0.00/+0.00 line3=+0.00/+0.00 line4=+0.00/+0.00 line5=+0.00/+0.00 line6=+0.00/+0.00 line7=+0.00/+0.00 line8=+0.00/+0.00 line9=+0.12/-0.01 headers=+0.00/+0.00 definitions=+0.00/+0.00 system=+0.12/-0.01 question=+0.12/+0.00 answer_instr=+0.00/-0.00 asst_header=+0.12/+0.00 answer_site=+0.38/+0.38
  row 26: line1=+0.00/+0.00 line2=+0.00/+0.00 line3=+0.00/+0.00 line4=+0.00/+0.00 line5=+0.00/+0.00 line6=+0.00/+0.00 line7=+0.00/+0.00 line8=+0.00/+0.00 line9=+0.00/+0.12 headers=+0.00/+0.00 definitions=+0.00/+0.00 system=+0.00/+0.12 question=+0.00/-0.01 answer_instr=+0.00/-0.00 asst_header=+0.12/+0.12 answer_site=+0.37/+0.38
  row 27: line1=+0.00/+0.00 line2=+0.00/+0.00 line3=+0.00/+0.00 line4=+0.00/+0.00 line5=+0.00/+0.00 line6=+0.00/+0.00 line7=+0.00/+0.00 line8=+0.00/+0.00 line9=+0.00/+0.00 headers=+0.00/+0.00 definitions=+0.00/+0.00 system=+0.00/+0.00 question=+0.12/-0.01 answer_instr=+0.12/+0.00 asst_header=+0.12/+0.00 answer_site=+0.50/+0.38
  row 28: line1=+0.00/+0.00 line2=+0.00/+0.00 line3=+0.00/+0.00 line4=+0.00/+0.00 line5=+0.00/+0.00 line6=+0.00/+0.00 line7=+0.00/+0.00 line8=+0.00/+0.00 line9=+0.00/+0.00 headers=+0.00/+0.00 definitions=+0.00/+0.00 system=+0.00/+0.00 question=+0.00/+0.00 answer_instr=+0.00/+0.00 asst_header=+0.00/+0.00 answer_site=+0.50/+0.50
controls (rows [0, 1, 7, 14, 21, 28]) ...
  same-run max|dM|=0.0000  random-direction max|dM|=0.492
path validation: line7 -> question / answer_site, rows [0, 2, 4, 6, 8, 10, 12, 14, 16, 18, 20, 22, 24, 26, 28] ...
  src row 00: total=+0.62 question@2=+0.00 question@4=+0.12 question@6=+0.12 question@8=+0.12 question@10=+0.24 question@12=+0.49 question@14=+0.24 question@16=+0.00 question@18=+0.00 question@20=+0.00 question@22=+0.00 question@24=-0.00 question@26=+0.00 question@28=+0.00 answer_site@2=-0.00 answer_site@4=-0.00 answer_site@6=+0.12 answer_site@8=+0.12 answer_site@10=+0.12 answer_site@12=+0.12 answer_site@14=+0.26 answer_site@16=+0.61 answer_site@18=+0.50 answer_site@20=+0.61 answer_site@22=+0.50 answer_site@24=+0.62 answer_site@26=+0.62 answer_site@28=+0.62
  src row 02: total=+0.50 question@4=-0.00 question@6=-0.00 question@8=+0.12 question@10=+0.12 question@12=+0.37 question@14=+0.25 question@16=+0.00 question@18=-0.00 question@20=+0.00 question@22=+0.00 question@24=+0.00 question@26=+0.00 question@28=+0.00 answer_site@4=+0.00 answer_site@6=+0.01 answer_site@8=-0.00 answer_site@10=-0.00 answer_site@12=+0.00 answer_site@14=+0.26 answer_site@16=+0.50 answer_site@18=+0.50 answer_site@20=+0.62 answer_site@22=+0.50 answer_site@24=+0.51 answer_site@26=+0.51 answer_site@28=+0.50
  src row 04: total=+0.63 question@6=+0.12 question@8=+0.12 question@10=+0.13 question@12=+0.49 question@14=+0.25 question@16=-0.00 question@18=+0.00 question@20=-0.00 question@22=+0.00 question@24=-0.00 question@26=+0.00 question@28=+0.00 answer_site@6=+0.00 answer_site@8=+0.00 answer_site@10=+0.12 answer_site@12=+0.00 answer_site@14=+0.38 answer_site@16=+0.62 answer_site@18=+0.62 answer_site@20=+0.63 answer_site@22=+0.63 answer_site@24=+0.75 answer_site@26=+0.63 answer_site@28=+0.63
  src row 06: total=+0.74 question@8=+0.01 question@10=+0.13 question@12=+0.49 question@14=+0.25 question@16=+0.12 question@18=-0.00 question@20=-0.00 question@22=+0.00 question@24=+0.00 question@26=+0.00 question@28=+0.00 answer_site@8=+0.00 answer_site@10=-0.00 answer_site@12=+0.12 answer_site@14=+0.38 answer_site@16=+0.74 answer_site@18=+0.74 answer_site@20=+0.74 answer_site@22=+0.74 answer_site@24=+0.75 answer_site@26=+0.75 answer_site@28=+0.74
  src row 08: total=+0.76 question@10=+0.12 question@12=+0.37 question@14=+0.24 question@16=+0.01 question@18=+0.12 question@20=-0.00 question@22=+0.00 question@24=+0.00 question@26=-0.00 question@28=+0.00 answer_site@10=+0.12 answer_site@12=+0.00 answer_site@14=+0.25 answer_site@16=+0.75 answer_site@18=+0.75 answer_site@20=+0.75 answer_site@22=+0.75 answer_site@24=+0.86 answer_site@26=+0.87 answer_site@28=+0.76
  src row 10: total=+0.51 question@12=+0.24 question@14=+0.25 question@16=+0.00 question@18=-0.00 question@20=-0.00 question@22=-0.00 question@24=-0.00 question@26=+0.00 question@28=+0.00 answer_site@12=+0.00 answer_site@14=+0.25 answer_site@16=+0.37 answer_site@18=+0.61 answer_site@20=+0.62 answer_site@22=+0.62 answer_site@24=+0.62 answer_site@26=+0.51 answer_site@28=+0.51
  src row 12: total=+0.37 question@14=+0.24 question@16=+0.00 question@18=+0.00 question@20=-0.00 question@22=-0.00 question@24=+0.00 question@26=-0.00 question@28=+0.00 answer_site@14=+0.12 answer_site@16=+0.25 answer_site@18=+0.37 answer_site@20=+0.37 answer_site@22=+0.37 answer_site@24=+0.25 answer_site@26=+0.25 answer_site@28=+0.37
  src row 14: total=+0.12 question@16=+0.00 question@18=+0.00 question@20=-0.00 question@22=-0.00 question@24=+0.00 question@26=+0.00 question@28=+0.00 answer_site@16=+0.12 answer_site@18=+0.12 answer_site@20=+0.12 answer_site@22=+0.12 answer_site@24=+0.12 answer_site@26=+0.24 answer_site@28=+0.12
  src row 16: total=+0.12 question@18=+0.00 question@20=+0.00 question@22=+0.00 question@24=+0.00 question@26=+0.00 question@28=+0.00 answer_site@18=+0.00 answer_site@20=+0.12 answer_site@22=+0.12 answer_site@24=+0.00 answer_site@26=+0.12 answer_site@28=+0.12
  src row 18: total=+0.00 question@20=+0.00 question@22=-0.00 question@24=+0.00 question@26=-0.00 question@28=+0.00 answer_site@20=+0.12 answer_site@22=+0.00 answer_site@24=+0.00 answer_site@26=+0.00 answer_site@28=+0.00
  src row 20: total=+0.00 question@22=-0.00 question@24=-0.00 question@26=-0.00 question@28=+0.00 answer_site@22=+0.00 answer_site@24=-0.00 answer_site@26=-0.00 answer_site@28=+0.00
  src row 22: total=-0.00 question@24=-0.00 question@26=-0.00 question@28=+0.00 answer_site@24=+0.00 answer_site@26=-0.00 answer_site@28=-0.00
  src row 24: total=-0.00 question@26=+0.00 question@28=+0.00 answer_site@26=-0.00 answer_site@28=-0.00
  src row 26: total=-0.00 question@28=+0.00 answer_site@28=-0.00
  src row 28: total=+0.00 
wrote results/llama-3.2-3b/bf16/cdim.json in 410.3 s
